study_hours,attendance,prev_exam,assignment_rate,subjects,quiz_perf,sleep_hours,social_media,screen_time,gaming_hours,stress_level,motivation,participation,revision,anxiety,internet,family_support,quiet_study,tutoring,passed
6,86,40,84,3,84,7,2,7,4,1,9,53,8,5,0,8,0,1,1
3,97,78,91,4,74,8,0,5,0,10,7,26,4,3,1,2,0,1,1
12,62,67,78,7,30,7,1,6,3,3,6,78,1,10,0,6,1,0,1
10,77,93,71,3,50,7,2,11,2,8,7,11,1,7,0,10,1,1,1
7,54,98,66,6,50,8,6,6,0,5,8,77,6,8,0,1,1,0,1
12,62,37,26,6,81,3,1,8,5,8,5,70,3,4,0,7,1,0,0
4,66,63,30,4,72,5,6,10,6,2,3,16,0,9,1,10,0,0,0
6,99,77,80,4,81,6,3,8,1,7,3,89,4,6,0,2,1,0,1
9,89,85,87,7,96,6,5,10,2,9,2,83,1,1,0,5,1,0,1
2,94,94,44,7,73,9,2,5,3,7,8,9,6,5,1,7,0,0,1
6,81,60,31,4,61,9,1,11,6,3,1,18,8,5,1,10,0,0,1
10,78,33,45,4,39,9,7,11,5,7,8,81,0,7,1,9,1,0,1
10,52,79,31,6,93,6,6,5,2,8,3,29,1,7,1,1,0,0,0
7,89,98,62,4,98,7,0,7,7,1,9,29,5,6,1,9,1,0,1
4,83,59,70,5,97,9,6,9,5,3,2,24,7,8,0,5,1,1,1
3,89,88,56,3,57,8,6,10,0,5,10,87,6,2,0,6,0,1,1
7,76,96,65,4,82,5,3,2,6,6,9,73,8,7,0,8,0,1,1
7,62,74,72,7,80,4,4,2,5,3,6,65,1,10,1,2,1,0,1
2,94,33,99,5,82,6,4,9,6,4,1,95,8,7,0,7,1,0,1
5,82,55,32,7,33,8,0,8,3,5,5,34,3,4,1,4,1,0,1
4,55,56,73,5,46,5,3,10,1,3,10,50,2,10,1,9,0,0,0
1,73,75,76,4,96,5,3,4,0,4,9,70,6,2,0,6,0,0,1
7,68,93,23,3,76,3,7,11,0,5,6,70,4,4,1,7,1,1,1
11,65,80,94,7,85,8,3,6,6,2,7,26,4,4,0,6,1,1,1
13,89,79,68,5,52,6,3,4,3,10,4,9,1,6,1,8,0,0,1
5,77,35,26,6,47,9,4,6,3,9,1,96,5,7,0,6,1,0,1
1,82,88,30,4,30,7,1,11,2,10,5,42,5,3,1,7,0,1,1
11,97,44,73,3,64,9,3,2,1,8,2,54,3,10,1,8,1,1,1
4,90,59,64,4,93,5,1,5,5,6,8,70,4,1,1,1,0,1,1
0,62,71,42,6,87,5,6,7,2,10,4,5,6,3,0,10,1,0,0
11,92,66,47,3,88,4,6,3,5,3,1,5,7,9,1,4,1,0,1
9,94,71,76,6,30,9,3,8,5,2,10,76,5,1,0,6,1,0,1
5,74,64,45,4,32,3,2,9,5,7,7,47,4,8,1,1,0,0,0
12,91,35,44,5,96,5,5,2,2,8,2,76,2,2,0,4,1,1,1
11,85,97,73,4,66,5,2,5,0,10,3,1,6,6,1,6,1,1,1
8,76,47,48,4,58,7,6,5,3,1,9,82,7,3,0,7,1,0,1
0,87,58,55,4,62,7,5,6,0,6,9,50,2,7,1,6,1,1,1
10,56,88,33,7,90,4,2,5,1,7,2,60,4,2,1,4,1,0,1
10,54,76,97,6,33,8,3,10,2,9,3,18,1,4,1,7,1,1,1
9,92,46,54,6,43,4,1,8,7,3,9,1,9,10,0,10,0,0,1
11,94,51,49,6,62,4,5,3,1,2,1,50,9,9,1,2,0,1,1
11,80,97,36,7,51,7,4,2,3,5,2,25,3,6,1,6,1,1,1
13,72,98,86,5,77,9,0,10,3,10,2,69,3,4,1,5,1,1,1
13,91,66,99,4,32,9,5,2,4,1,10,19,7,2,0,2,0,0,1
13,59,78,49,5,52,9,5,7,1,6,3,22,2,10,1,9,0,1,1
2,81,42,64,7,97,8,4,3,7,9,10,53,4,9,0,7,1,0,0
11,92,63,98,6,50,7,3,5,0,10,3,14,4,4,0,3,0,0,1
6,79,82,70,4,72,3,2,7,6,9,10,5,1,9,1,7,1,1,1
3,88,80,66,3,55,6,2,6,7,7,2,91,8,2,1,6,1,0,1
8,80,32,72,3,70,6,6,7,1,7,8,34,3,7,0,7,0,0,0
2,67,71,83,5,67,3,1,4,2,8,8,74,8,5,0,4,1,0,0
4,85,61,57,6,40,9,3,6,3,10,8,7,8,8,1,10,1,0,1
2,51,80,83,3,58,6,4,3,3,2,2,56,1,8,0,8,1,1,0
6,63,75,26,5,89,8,3,8,1,6,9,49,8,4,0,8,1,0,1
4,62,50,41,7,96,7,3,4,7,5,7,48,8,4,1,7,0,1,1
8,78,73,60,5,94,6,2,2,1,5,5,87,1,8,1,7,0,0,1
6,61,40,93,5,90,8,4,9,5,3,7,20,5,3,0,10,0,0,1
1,88,97,29,5,48,7,7,9,1,3,8,35,8,7,0,8,1,0,1
3,51,30,76,4,75,8,0,4,5,6,9,70,3,8,1,1,0,0,0
8,81,92,26,5,78,3,5,8,7,10,2,68,1,8,0,6,0,0,0
11,62,53,69,5,51,4,2,10,2,10,6,57,6,10,0,2,0,0,0
13,95,42,71,4,86,3,4,9,2,7,9,62,8,4,1,1,1,0,1
1,76,40,52,4,43,6,1,4,0,1,6,92,5,9,0,10,1,0,1
9,98,80,20,7,73,7,5,3,1,3,2,15,3,10,0,7,1,0,1
8,90,46,72,6,45,8,5,11,7,1,1,5,0,4,0,6,1,1,0
9,66,53,79,3,41,6,7,8,7,10,3,77,3,8,0,5,1,1,0
4,89,48,53,3,84,6,7,8,0,3,5,51,2,6,1,5,0,0,0
1,80,66,23,5,80,4,2,10,6,5,7,1,6,5,0,9,0,0,0
3,83,37,36,7,68,9,6,6,7,9,10,88,9,4,0,9,0,0,1
11,73,57,23,5,62,6,1,5,4,3,10,94,4,5,1,6,1,1,1
11,94,34,62,3,62,4,2,9,2,10,3,76,2,1,0,3,0,1,1
6,84,46,23,4,58,7,3,5,3,10,9,17,1,7,0,7,0,1,0
11,97,65,20,6,98,7,6,5,5,9,10,80,1,8,1,4,1,0,1
12,55,48,90,7,99,8,4,3,4,1,4,91,4,9,0,5,1,0,1
7,68,93,69,4,60,9,7,2,3,6,10,75,7,3,0,7,1,1,1
2,79,40,92,6,60,4,1,5,4,9,2,34,7,9,0,7,1,0,0
13,56,83,80,7,75,3,5,8,0,5,3,85,4,10,0,10,0,0,1
0,59,74,54,7,81,7,2,10,0,10,5,38,1,5,0,8,1,1,1
3,90,76,27,3,39,9,7,10,5,2,3,0,3,10,0,1,1,0,1
1,81,41,43,4,70,8,5,11,2,5,5,36,6,6,0,5,1,1,1
7,83,50,55,7,32,3,1,2,6,1,4,20,5,1,1,9,0,1,1
3,77,40,69,7,88,7,7,6,7,9,10,0,9,9,1,7,0,0,0
1,64,34,62,6,81,7,7,8,5,10,3,3,6,9,1,2,0,1,0
13,79,85,46,3,63,8,5,8,6,10,6,95,4,6,0,1,0,0,0
5,86,49,51,5,78,8,2,11,3,9,8,57,1,8,1,8,0,1,1
5,78,70,97,3,57,5,6,7,7,6,4,0,7,4,1,9,1,0,1
9,71,75,37,5,42,6,2,11,4,9,9,12,1,5,1,10,1,0,1
3,53,41,47,4,98,6,0,5,5,3,6,45,7,5,1,5,1,0,1
5,69,99,48,4,96,3,7,4,6,4,5,46,6,7,0,6,0,0,0
12,81,46,35,7,90,6,5,10,1,6,3,80,2,7,0,2,1,1,1
1,85,48,66,4,89,3,0,11,1,4,5,75,3,7,0,5,0,1,0
9,99,55,78,7,53,9,6,5,2,1,5,6,6,5,1,4,0,0,1
11,53,77,50,3,92,7,0,9,6,7,4,50,3,4,0,8,1,0,1
1,76,81,23,4,90,5,5,2,5,5,6,2,8,8,1,8,1,0,0
9,66,99,56,3,52,5,1,8,3,8,3,49,6,1,0,5,1,1,1
13,61,84,36,3,59,7,3,7,1,9,10,25,0,1,0,8,1,1,1
3,71,62,58,4,89,8,6,2,2,5,1,30,0,6,1,6,0,0,0
13,66,91,67,3,47,4,2,5,5,8,7,99,3,2,1,10,0,1,1
7,59,52,65,4,85,4,4,6,2,1,7,61,8,3,0,6,0,0,1
13,50,44,67,4,82,6,6,9,3,1,4,25,3,4,0,4,1,1,0
6,71,56,58,4,36,8,0,5,1,7,9,66,4,2,0,10,0,0,1
11,75,93,23,5,98,3,1,4,7,6,2,54,0,10,1,3,1,0,1
8,67,80,49,3,81,9,5,3,1,5,1,27,1,7,1,9,0,0,1
13,99,82,49,6,33,5,1,5,1,5,3,43,3,10,1,5,1,1,1
7,63,80,41,4,63,6,1,11,6,9,7,80,3,1,1,10,0,0,0
4,96,76,94,3,98,7,5,5,0,1,9,37,9,3,0,10,1,1,1
12,78,33,85,7,62,8,4,11,6,8,2,29,5,2,1,4,1,1,1
1,61,36,31,4,98,5,5,6,1,2,6,65,5,9,1,6,0,0,0
4,85,64,55,4,67,3,4,8,4,7,3,7,7,8,1,4,1,0,0
7,84,77,37,6,55,3,5,10,0,6,5,13,8,3,0,6,0,0,1
9,61,74,72,5,30,4,0,3,7,10,9,98,0,5,0,10,1,1,0
8,56,48,90,5,33,6,4,6,5,2,3,61,0,3,1,8,0,1,0
11,78,92,20,4,68,7,0,11,6,3,1,74,5,6,1,8,1,1,1
11,60,67,77,3,83,5,6,10,0,4,5,62,3,5,0,6,0,1,1
11,82,96,25,7,62,9,4,4,0,7,1,78,3,2,0,1,0,1,1
12,55,88,89,7,62,3,4,2,6,8,8,65,0,10,1,1,0,1,1
8,96,98,63,3,49,5,5,3,6,2,7,95,8,8,0,3,0,1,1
12,64,42,91,4,45,7,4,7,0,8,2,39,2,6,1,2,1,0,1
12,81,76,43,7,50,5,0,6,2,9,9,12,4,3,0,1,1,0,1
0,60,90,38,5,74,6,7,2,7,7,5,16,9,1,1,1,0,0,0
8,72,60,37,3,91,4,6,2,4,1,7,14,0,5,1,6,0,1,1
6,75,51,49,6,60,5,7,5,3,6,4,32,7,2,1,7,1,0,1
8,83,72,61,4,71,8,5,5,1,8,1,15,2,2,1,8,0,1,1
7,95,96,52,3,41,4,2,7,7,5,8,12,0,9,0,3,0,1,1
0,83,83,93,7,94,7,6,7,6,2,1,85,9,10,0,1,0,1,1
11,78,39,31,4,32,4,7,11,0,5,3,22,5,7,1,5,1,1,0
7,53,71,46,5,38,5,6,7,3,8,6,35,0,6,0,8,0,0,0
7,66,93,58,4,80,5,7,2,6,2,8,42,2,1,1,4,1,1,1
10,84,50,28,4,45,8,0,11,2,1,8,49,4,10,0,2,1,0,1
2,62,95,40,5,32,3,7,10,3,4,2,73,3,2,1,9,1,1,0
0,90,70,95,5,53,8,6,8,0,4,9,80,6,7,0,9,0,0,1
7,88,53,48,4,42,5,2,8,7,9,4,93,5,3,0,3,0,1,0
2,64,64,52,5,31,9,1,8,5,3,4,12,2,2,0,7,0,1,0
2,78,85,81,3,50,4,5,3,7,4,2,29,7,6,0,1,1,0,0
0,78,59,34,5,48,8,1,3,7,3,1,56,7,8,1,8,0,0,0
10,60,86,21,5,76,8,5,7,4,2,10,29,1,8,1,8,0,0,1
4,81,76,71,4,51,9,6,8,3,4,7,70,6,2,0,3,1,1,1
9,51,64,63,3,62,9,5,4,6,8,10,9,0,6,0,5,1,1,0
6,96,48,73,6,61,9,7,5,0,1,3,98,1,5,0,4,1,1,1
9,63,37,37,6,93,3,0,4,6,8,4,65,7,7,0,7,0,0,0
8,69,55,22,7,68,5,2,8,0,8,9,93,0,4,1,7,0,0,0
11,71,59,26,5,71,5,5,8,1,3,6,82,1,2,0,8,0,0,1
6,60,36,62,5,38,7,2,5,5,10,1,38,0,10,0,5,1,1,0
8,76,96,57,3,54,3,5,8,1,10,9,36,4,3,0,5,0,1,1
7,52,94,56,6,31,7,2,6,7,6,9,2,6,9,0,8,1,0,0
11,66,65,77,7,48,7,1,2,5,4,5,88,5,10,0,5,0,1,1
1,93,54,52,3,49,7,0,11,4,1,8,33,5,8,0,1,0,1,1
0,77,66,78,5,99,6,5,5,1,1,7,85,5,9,0,3,0,1,1
6,78,30,30,6,46,7,3,8,4,5,8,37,7,5,0,2,0,0,0
6,70,44,87,7,97,8,2,3,6,8,9,13,4,5,1,10,0,0,1
13,96,66,87,4,32,4,2,3,7,1,2,63,9,7,0,5,1,0,1
7,65,42,41,6,80,8,7,2,2,2,10,38,6,7,0,8,1,1,1
4,86,37,85,7,55,8,3,3,2,7,5,53,2,1,0,9,0,0,1
2,69,34,63,3,85,5,0,11,5,8,8,1,8,5,0,9,0,0,1
11,55,89,25,4,93,6,2,9,5,3,3,95,9,8,1,1,1,1,1
7,68,30,61,7,37,7,0,9,1,8,6,42,2,7,0,1,0,1,0
5,54,65,44,7,66,5,2,9,2,1,6,52,5,2,1,1,1,1,1
10,52,64,76,5,56,3,6,2,3,9,7,2,2,8,1,1,0,1,0
2,50,95,74,6,74,3,4,2,3,2,3,40,0,2,1,9,0,0,1
0,87,92,35,5,33,5,6,11,6,2,8,7,0,10,1,1,1,1,0
2,64,52,33,4,66,4,2,5,3,4,8,89,2,1,0,7,1,1,1
4,83,38,58,7,62,5,4,7,6,10,9,95,3,3,1,6,0,1,0
13,84,63,47,5,60,5,5,9,2,3,8,74,1,3,1,9,1,1,1
2,98,75,70,6,84,6,0,3,3,4,3,62,8,6,0,9,1,1,1
0,74,33,68,4,41,3,2,4,4,6,6,64,7,3,1,4,0,1,1
4,73,59,28,3,40,3,7,7,0,7,9,78,2,7,1,9,0,0,0
9,61,32,77,5,61,7,1,11,5,5,1,3,6,8,1,6,0,0,0
6,67,43,64,4,86,8,7,5,7,2,3,67,3,3,1,5,0,0,1
13,64,89,41,3,67,5,1,3,1,3,2,91,4,9,0,9,1,0,1
6,93,74,51,5,89,5,3,8,6,10,8,9,3,1,1,7,0,1,1
10,65,63,88,4,48,4,1,5,4,3,6,74,8,3,0,9,0,1,1
8,76,74,88,4,85,9,4,9,3,5,10,49,6,3,0,5,1,1,1
9,57,90,61,5,43,9,1,9,7,5,8,22,3,7,0,4,1,0,1
9,95,45,72,4,62,3,1,8,7,4,2,60,7,5,1,10,0,1,1
11,74,95,78,7,39,4,1,11,0,8,6,46,1,4,1,3,0,1,1
12,66,69,93,5,93,6,2,10,1,6,7,2,6,2,0,5,1,1,1
2,78,46,58,4,93,7,3,5,4,6,8,16,0,7,0,9,0,1,0
6,57,63,34,3,91,4,0,8,1,1,9,21,7,3,0,3,1,0,1
0,64,45,90,3,97,3,3,11,6,6,5,90,5,7,0,1,1,1,0
3,76,89,48,7,72,6,7,11,6,3,3,15,4,10,0,2,1,1,0
12,95,95,22,5,88,5,4,2,5,6,2,79,8,7,0,10,0,1,1
3,99,95,29,4,81,6,2,5,2,10,8,2,8,2,1,5,0,0,1
13,56,42,48,4,48,8,5,3,6,6,1,51,2,7,1,3,1,1,1
4,52,85,98,3,50,4,2,10,3,2,10,32,8,6,1,6,0,1,1
6,78,60,54,7,51,3,6,6,7,1,6,41,8,10,0,8,1,1,0
6,93,63,25,3,38,4,1,4,4,3,2,1,1,4,1,6,0,1,0
12,73,68,31,3,38,5,7,5,4,5,3,38,4,5,0,10,0,1,1
10,52,96,57,7,56,9,1,7,0,4,8,45,1,8,0,9,1,1,1
12,69,37,96,5,46,5,4,11,7,7,1,47,0,5,1,6,0,1,0
3,95,84,38,4,73,3,5,2,0,4,6,26,6,3,0,5,0,0,1
12,64,56,86,5,74,8,7,8,0,8,3,14,3,2,1,4,0,0,1
6,74,82,27,6,37,7,6,9,7,7,6,6,4,6,1,2,1,1,0
10,79,68,27,6,47,6,2,8,1,10,3,56,3,6,1,6,0,1,1
2,63,94,66,6,62,6,5,8,3,9,8,41,5,7,0,2,1,0,1
5,56,46,23,7,30,5,0,10,1,1,5,8,1,8,0,5,0,0,0
11,66,59,70,3,35,4,3,5,3,5,4,5,7,4,0,1,0,0,1
1,93,82,86,5,70,9,2,8,4,4,9,56,3,8,1,3,0,0,1
9,69,42,64,4,84,4,5,10,6,6,5,75,7,1,0,10,1,1,1
12,85,50,27,6,34,8,0,6,6,1,4,29,2,6,1,5,1,1,1
13,58,48,35,5,88,7,0,3,1,6,8,54,4,6,0,7,1,1,1
8,87,82,96,6,47,4,6,6,1,1,8,83,2,3,1,8,0,1,1
4,97,48,86,6,78,6,6,5,1,1,8,83,6,9,1,7,0,1,1
5,71,86,28,4,94,9,3,9,2,8,4,53,2,5,0,7,0,0,1
11,51,54,79,7,83,4,0,6,5,2,1,26,7,1,0,2,1,0,1
11,73,60,97,3,90,9,7,10,7,10,2,83,8,7,1,6,0,0,1
11,57,84,96,7,37,7,4,10,3,6,4,58,1,10,1,5,0,0,0
11,60,52,90,5,32,6,0,4,6,6,10,6,2,3,0,9,1,0,1
3,62,61,34,7,54,9,5,11,3,6,2,39,6,10,1,10,0,1,0
13,66,91,90,5,98,4,6,7,1,8,10,93,4,10,0,4,1,0,1
13,57,39,60,5,84,6,4,7,2,4,3,71,9,4,0,7,0,0,1
10,70,83,41,3,69,5,7,5,1,3,9,1,6,6,1,8,0,1,1
9,67,81,43,4,79,5,6,11,3,6,9,13,1,8,0,6,0,1,0
6,79,49,63,3,62,8,7,4,5,4,9,9,3,4,1,3,0,1,1
11,67,61,20,7,47,5,6,2,6,2,7,49,0,9,0,5,0,1,0
8,95,43,29,5,86,4,6,8,5,6,4,17,4,8,1,1,1,1,0
6,96,79,99,6,45,7,0,6,7,10,1,17,7,10,0,8,0,0,1
13,80,57,91,6,67,6,1,11,4,5,3,15,0,10,0,2,0,1,0
0,87,82,75,5,70,9,0,8,2,9,8,51,6,6,1,10,1,1,1
0,81,53,69,3,36,3,6,2,5,6,4,68,6,7,0,7,1,0,0
8,60,51,31,4,82,5,4,9,2,3,10,51,6,8,1,9,1,0,1
10,94,59,79,3,92,5,0,4,1,5,10,30,0,2,1,1,0,1,1
13,74,92,45,5,61,3,6,8,4,10,2,83,2,5,1,4,1,1,1
8,82,33,97,5,67,9,6,4,3,8,8,22,1,7,1,7,1,0,1
3,87,88,60,4,51,9,0,4,5,9,7,95,4,8,1,9,1,1,1
12,90,37,55,7,45,3,0,11,5,8,10,41,1,5,0,2,1,1,0
8,57,41,42,7,81,9,4,10,0,3,9,80,4,3,0,2,0,1,0
2,60,60,62,4,58,4,7,3,6,9,2,61,4,6,0,6,1,1,0
6,71,63,25,7,45,9,0,5,3,3,5,76,3,5,0,3,1,1,1
5,73,78,88,6,46,6,3,7,5,8,6,49,6,8,0,4,0,0,1
7,90,86,62,7,93,9,5,4,5,10,2,76,9,9,0,3,0,0,1
10,66,55,44,7,42,5,3,11,3,9,2,80,5,9,0,1,1,1,0
8,61,47,37,7,85,7,4,11,4,7,10,14,1,6,1,6,0,1,1
13,95,67,81,6,34,4,1,8,2,4,4,89,3,4,1,2,1,0,1
4,81,79,32,7,41,4,3,8,3,10,8,43,6,4,1,2,0,0,1
0,64,37,62,6,70,9,7,6,2,9,5,91,8,9,0,7,0,0,0
2,65,70,97,4,32,7,6,4,4,3,9,41,8,4,1,5,1,1,1
9,71,35,47,3,62,7,5,3,4,3,4,44,2,8,0,8,0,0,1
11,77,98,37,4,79,8,2,5,7,2,3,93,0,9,0,2,0,1,1
7,69,73,78,3,85,7,5,5,1,10,10,34,8,5,0,10,1,1,1
10,82,93,79,4,38,9,3,9,0,3,8,21,7,6,1,8,1,1,1
5,59,58,82,3,79,9,2,9,4,1,1,73,6,3,1,7,0,1,1
7,89,57,76,3,58,3,4,6,7,4,9,74,5,5,1,10,0,1,1
8,81,40,70,5,68,5,7,7,7,8,4,37,9,5,0,8,1,0,0
3,99,94,75,3,74,8,5,9,7,5,9,96,6,2,0,3,0,0,1
0,82,48,46,3,46,9,1,2,4,2,8,69,8,10,0,8,1,0,1
13,51,38,51,5,85,3,2,6,2,3,3,63,5,6,0,6,0,0,0
0,82,56,28,7,75,8,2,5,4,1,3,6,9,9,1,2,0,1,1
9,82,63,87,7,96,5,5,5,3,2,9,43,2,7,1,6,1,0,1
3,90,73,65,5,98,8,3,3,1,1,3,75,2,8,1,5,1,0,1
11,62,97,86,6,43,3,2,11,1,2,4,6,3,2,1,3,0,0,1
13,79,44,45,3,96,6,4,2,3,3,9,65,9,9,0,1,0,0,1
6,82,80,27,3,52,9,5,7,5,1,4,59,9,3,0,7,0,0,1
1,62,42,25,5,90,5,4,8,4,9,3,0,7,10,1,2,0,0,0
2,75,78,99,5,52,4,5,6,6,10,7,61,9,5,0,1,1,1,1
0,71,99,43,6,56,5,4,9,0,5,6,86,8,7,0,1,0,1,1
4,88,85,67,7,83,5,3,10,7,8,1,88,7,4,1,7,0,0,0
0,51,80,64,4,39,5,5,3,4,5,10,17,9,7,1,1,1,1,1
7,87,66,32,7,45,6,7,5,1,8,8,6,1,8,0,9,1,1,1
0,88,46,88,3,70,9,6,10,0,7,1,53,3,10,1,6,1,1,0
10,75,87,44,5,84,3,1,6,6,4,4,66,3,10,1,4,0,1,1
0,95,58,39,6,90,9,3,4,5,7,6,92,1,4,1,4,1,1,1
1,99,62,85,7,78,4,4,7,2,6,6,9,7,5,1,5,1,0,1
1,64,89,93,6,81,3,7,4,2,3,7,60,2,3,1,2,0,1,1
11,83,84,64,7,31,8,5,6,6,9,5,58,1,5,1,5,1,1,1
5,91,39,66,3,79,8,3,4,4,10,5,58,6,8,1,2,1,0,1
6,93,76,82,4,72,8,4,7,4,9,4,68,0,3,1,4,0,1,1
4,98,52,95,6,37,3,0,11,0,5,6,62,5,5,1,10,1,1,1
0,89,50,96,6,88,7,0,6,0,8,7,97,2,10,0,5,0,0,1
0,60,42,74,4,94,6,2,10,5,7,10,7,2,1,1,6,1,1,1
2,52,62,94,6,41,7,1,4,4,9,10,77,4,2,1,6,1,0,1
13,55,53,38,6,33,9,0,7,1,7,1,54,2,3,1,9,1,1,1
1,58,40,54,7,70,8,6,9,2,4,9,5,3,1,0,4,0,1,0
4,55,46,72,7,36,6,4,8,5,4,8,0,2,9,1,5,1,0,0
11,58,97,45,4,98,3,3,7,7,8,7,55,6,9,1,6,1,1,1
9,88,76,33,3,98,8,5,3,0,6,9,96,2,5,0,4,1,0,1
5,80,54,64,6,59,3,3,8,7,9,3,74,9,4,0,6,1,1,1
6,81,50,63,3,35,6,2,9,1,10,10,87,3,5,1,2,0,1,1
3,90,41,84,4,48,3,7,2,4,7,4,9,1,4,0,7,1,1,0
6,99,66,70,4,95,3,3,10,3,7,7,22,1,5,0,3,1,1,1
10,61,71,62,7,39,4,0,5,0,4,6,15,8,7,0,10,1,0,1
7,57,46,42,6,45,9,3,9,5,3,2,15,0,8,0,4,1,1,0
10,57,77,75,5,66,7,0,11,3,8,2,55,0,2,0,9,0,1,1
0,99,57,38,4,61,7,0,8,1,7,10,94,9,4,1,5,0,0,1
5,77,70,95,6,76,7,1,11,7,4,7,5,0,8,0,9,0,0,1
7,69,76,74,3,72,5,2,8,6,4,9,29,2,7,1,10,1,0,1
4,96,47,79,7,65,4,6,3,2,1,9,62,1,9,1,10,0,1,1
3,56,42,78,3,55,8,6,2,6,7,7,0,2,5,1,10,0,0,0
1,60,42,52,4,39,8,4,5,6,1,8,50,4,6,0,10,0,0,0
5,69,60,38,4,60,8,6,3,6,10,10,88,8,8,1,6,1,0,0
5,65,31,47,3,58,7,0,9,1,10,3,45,1,5,0,8,1,0,0
10,53,45,71,4,34,9,5,11,2,4,1,20,0,9,1,5,0,1,0
0,55,38,68,6,30,7,2,8,1,3,7,98,5,4,1,5,1,1,1
8,71,67,56,4,32,9,4,9,6,3,8,37,2,8,1,3,1,1,1
11,75,83,45,7,96,4,6,7,0,1,2,68,6,3,0,7,1,0,1
10,52,85,59,6,64,9,6,2,6,4,9,62,5,5,1,2,0,0,1
5,90,74,99,5,44,3,5,10,0,1,4,49,6,8,0,3,1,0,1
12,91,63,57,4,96,7,3,7,5,8,10,11,4,10,0,2,1,1,1
2,63,38,96,4,59,8,2,11,6,1,9,68,0,7,0,8,0,0,0
3,60,37,73,7,72,3,5,2,3,6,3,72,2,1,1,4,1,0,0
11,67,36,41,7,89,7,6,2,1,7,8,43,2,4,1,10,1,1,1
10,61,65,35,3,69,6,2,9,6,10,2,51,6,2,1,8,0,1,0
3,72,47,47,3,94,5,2,7,1,2,3,8,2,2,1,8,0,1,1
2,61,32,54,3,58,7,6,9,7,4,1,98,4,7,0,8,1,1,0
9,62,57,79,7,48,6,3,9,6,3,5,64,3,3,1,8,1,1,1
2,74,99,64,3,32,4,3,9,3,9,4,9,3,3,0,8,1,0,0
2,94,73,65,3,65,6,6,11,6,7,1,45,6,6,0,9,0,0,0
3,68,50,91,5,72,4,2,8,4,2,10,99,0,6,1,2,0,0,0
6,95,57,74,3,44,7,5,8,5,6,9,57,6,1,1,9,1,1,1
3,85,83,45,4,70,4,1,11,7,9,6,36,7,1,0,8,1,1,0
8,94,83,44,7,65,6,0,5,1,3,6,51,2,6,0,10,1,1,1
0,57,94,84,6,62,9,3,10,7,6,2,98,2,7,1,1,1,1,0
7,78,50,25,5,34,5,6,3,5,3,7,80,3,9,1,5,0,0,0
6,81,42,42,7,43,3,7,10,1,3,9,12,5,4,1,2,1,0,0
1,93,86,83,7,97,3,1,11,1,4,6,5,6,10,0,10,0,0,1
7,67,78,62,4,76,5,3,4,4,9,8,57,0,6,0,5,0,0,1
0,55,83,42,3,83,8,7,3,6,8,5,47,3,3,1,8,0,0,0
10,67,39,49,4,33,3,2,5,0,1,2,31,6,4,0,9,1,0,1
11,68,82,96,3,38,7,6,6,5,1,4,10,1,9,0,9,0,0,1
8,71,73,37,3,82,8,1,3,3,7,1,80,0,1,0,1,0,0,1
8,86,76,98,7,89,7,6,2,5,3,1,4,0,5,0,7,1,1,1
1,81,82,40,3,75,6,5,11,6,7,6,5,9,7,1,8,1,0,0
6,90,75,76,5,83,6,5,6,4,9,2,73,5,3,0,10,0,0,1
13,52,42,42,5,66,8,4,10,2,3,6,96,4,2,1,3,1,1,1
9,77,66,64,5,52,8,0,6,7,3,1,93,0,2,1,6,0,1,1
2,59,53,63,7,56,8,0,11,2,2,10,20,9,1,0,3,1,0,1
6,84,31,66,4,99,8,3,10,4,10,3,41,2,5,1,9,0,0,1
11,78,43,59,6,95,4,0,11,7,1,9,80,6,3,1,3,0,1,1
9,64,39,70,3,90,9,6,7,6,9,2,26,8,7,1,2,1,1,1
8,82,64,61,6,80,8,6,4,4,6,8,2,8,1,0,9,1,1,1
3,56,54,26,4,79,9,4,5,0,6,6,59,5,9,1,8,1,0,1
11,61,32,69,4,48,8,7,5,5,8,6,92,2,2,0,8,0,1,1
0,98,46,67,7,30,6,5,2,6,5,7,65,0,8,1,2,0,0,0
1,79,41,25,5,69,7,7,4,7,9,5,92,2,10,1,6,1,1,0
0,70,83,28,5,61,9,7,4,5,5,4,48,9,4,1,5,0,0,0
13,80,53,76,4,51,6,1,2,2,2,6,99,1,6,1,2,1,1,1
11,73,58,50,7,95,3,1,10,6,6,8,33,4,9,0,5,0,0,1
4,69,72,40,7,69,4,5,2,3,9,4,36,7,7,1,4,0,1,0
4,86,54,59,3,67,4,2,10,5,3,5,41,4,8,1,9,1,1,1
10,53,89,64,5,77,7,5,2,1,10,7,64,0,7,1,1,1,0,0
6,77,94,96,4,84,8,1,3,7,4,6,59,2,2,0,6,0,0,1
8,93,57,68,6,84,6,7,3,1,10,4,89,4,9,0,7,0,0,1
8,69,45,39,5,80,3,3,7,0,8,4,0,6,1,1,6,0,1,0
2,73,76,36,3,89,6,4,8,7,6,10,58,4,2,1,5,0,1,1
2,99,87,47,7,37,8,7,2,6,7,4,3,9,3,1,4,1,1,1
2,98,56,60,4,97,8,5,4,7,7,1,13,4,3,1,5,1,1,1
3,81,82,85,5,38,5,2,3,0,4,5,17,6,10,0,9,1,1,1
7,90,71,44,6,31,6,7,9,7,6,8,33,7,4,0,5,0,0,0
5,85,88,77,3,99,7,3,10,6,9,7,0,7,5,0,10,0,0,1
7,83,76,60,3,88,6,5,3,2,3,5,52,6,6,1,8,0,1,1
0,85,63,25,5,48,4,3,3,3,8,3,21,2,1,1,7,0,1,0
7,51,66,94,6,57,3,7,11,3,7,1,79,1,8,1,4,1,0,0
3,64,35,57,3,43,9,5,10,4,4,7,60,0,6,1,10,1,1,1
10,83,36,25,4,53,7,3,5,0,10,3,21,5,10,0,5,1,0,0
0,85,54,64,3,73,5,6,6,6,3,4,49,8,9,0,7,0,0,0
7,55,62,94,6,85,3,0,10,5,7,5,15,2,5,0,6,1,0,0
3,88,84,33,7,80,3,3,7,1,10,8,27,4,7,1,3,1,0,0
5,91,87,85,7,61,9,6,11,5,9,7,91,8,4,1,10,1,0,1
7,61,36,59,5,79,4,7,10,1,10,9,85,8,6,1,3,1,1,1
3,52,86,22,6,70,4,0,10,2,3,3,69,6,6,1,2,0,0,0
13,94,41,43,3,95,4,1,8,1,10,10,88,3,4,1,3,0,1,1
2,67,45,38,3,54,7,0,11,5,9,1,41,1,6,0,10,1,0,0
13,89,72,37,7,90,6,3,10,7,8,1,65,1,8,1,1,1,1,1
8,70,36,83,7,95,3,4,6,5,3,10,70,3,5,1,9,1,0,1
2,64,80,54,4,71,6,4,6,3,8,1,80,0,2,0,2,1,1,1
8,82,61,81,7,94,6,1,9,6,4,2,34,3,9,0,3,1,1,1
12,84,37,20,4,65,4,3,11,3,6,2,19,5,4,1,5,0,0,1
1,75,74,44,3,38,6,0,5,0,10,7,1,5,4,0,10,1,0,1
13,57,88,64,4,65,3,4,10,7,2,9,6,6,7,1,4,1,0,1
1,85,33,68,4,67,3,5,8,5,8,8,95,4,10,1,5,1,1,0
1,97,96,35,5,62,8,2,8,7,9,4,48,8,10,0,6,0,0,1
5,79,58,38,7,71,5,3,4,7,7,2,82,1,6,1,5,0,0,0
2,72,58,42,4,90,7,6,5,6,8,3,75,1,4,1,10,0,1,0
12,91,57,44,3,75,6,6,8,2,7,10,8,3,6,1,1,0,0,0
8,93,73,35,6,90,7,5,6,1,10,5,26,3,3,0,6,0,0,1
3,63,33,73,4,47,7,5,4,0,4,9,77,3,7,0,9,1,1,1
0,63,38,92,7,99,7,3,2,4,1,8,1,0,6,0,3,1,0,1
3,51,34,20,5,44,9,2,8,7,3,3,84,3,3,0,2,0,1,0
0,86,85,61,3,77,8,4,7,4,7,9,67,4,1,1,6,0,0,1
13,54,79,38,5,42,7,2,11,6,7,10,59,8,10,0,3,0,1,1
4,87,44,53,6,72,8,1,8,1,3,3,84,2,5,1,4,1,1,1
3,94,61,99,4,89,3,0,3,1,1,10,85,2,10,0,6,0,0,1
7,90,57,74,4,86,9,0,5,6,10,8,48,4,2,0,6,0,1,1
7,96,51,37,7,46,6,5,3,1,9,1,1,9,7,1,2,0,0,0
6,63,46,53,4,79,8,4,9,3,6,4,16,5,7,0,3,1,1,0
2,88,88,64,3,61,5,2,8,1,7,4,82,2,4,0,9,0,1,1
0,74,86,25,6,51,7,5,2,4,1,6,87,0,6,1,2,1,0,1
0,69,55,40,5,84,9,3,3,1,1,2,19,9,1,0,3,1,0,1
11,51,54,89,6,86,5,5,3,5,4,7,75,7,2,1,9,1,0,1
10,88,39,67,4,42,3,3,5,6,7,5,88,0,6,0,4,1,1,0
2,55,74,58,5,76,3,3,4,2,8,10,86,1,2,1,1,1,0,1
5,66,40,50,7,91,4,1,2,4,10,6,97,2,4,0,2,0,1,1
6,74,82,29,6,83,7,1,3,2,9,6,31,5,4,1,3,1,1,1
5,77,97,49,5,58,4,3,10,4,1,6,50,3,10,0,9,1,0,1
13,51,57,37,5,51,9,7,2,7,4,10,87,3,9,1,9,1,1,1
13,84,94,79,5,94,5,4,10,0,4,8,41,8,10,0,6,0,0,1
5,86,78,92,3,58,6,1,8,5,3,10,62,5,7,0,6,1,1,1
5,54,76,34,6,77,4,1,3,4,7,4,88,1,7,0,3,1,0,0
12,50,81,23,5,34,3,0,3,7,1,10,60,6,1,1,5,1,1,1
2,89,83,82,6,64,7,5,6,5,9,8,61,2,5,1,4,0,1,0
5,61,89,59,5,75,5,0,6,4,8,9,2,8,3,0,10,1,0,1
7,85,86,28,7,64,8,4,5,2,2,4,88,5,3,0,10,1,1,1
10,94,76,28,7,74,9,1,11,2,2,1,91,7,6,0,9,1,1,1
10,72,60,45,7,42,9,6,11,6,8,3,75,0,4,0,9,1,1,0
1,96,75,23,4,39,3,7,4,4,1,1,25,1,8,0,1,1,1,0
4,80,55,35,5,95,8,1,5,4,7,7,47,5,4,0,8,1,1,1
13,60,34,34,4,99,9,2,11,3,9,1,7,2,8,0,9,1,0,0
0,59,81,71,6,54,6,4,5,5,3,4,4,0,4,0,5,0,0,0
11,52,83,88,4,73,7,6,3,5,7,1,10,5,3,0,4,0,1,0
0,63,62,24,6,89,6,5,6,5,6,2,41,4,5,0,10,0,0,0
4,65,79,39,6,76,9,5,6,5,7,1,98,8,5,1,4,1,0,1
11,59,67,98,6,69,6,6,6,0,7,5,90,5,10,1,2,0,1,1
12,78,56,37,4,36,9,5,11,0,10,7,40,4,10,0,9,1,0,1
2,59,44,21,5,75,7,7,2,7,1,3,18,0,1,0,5,0,1,0
3,61,90,32,4,52,7,6,7,1,3,8,47,0,8,0,3,0,0,0
2,79,50,23,5,75,8,4,3,4,10,5,52,0,8,1,6,1,1,0
0,90,75,61,5,42,6,6,8,4,1,5,54,6,8,1,9,1,1,1
0,50,98,93,6,50,5,6,5,4,5,5,60,5,10,0,9,1,1,1
11,54,35,80,4,30,8,2,6,4,3,8,31,4,4,0,5,1,1,1
11,69,67,27,5,48,7,2,6,5,1,2,45,3,9,0,8,1,0,1
13,57,91,86,7,89,3,0,6,5,2,2,91,7,10,1,4,0,0,1
12,92,91,82,5,62,9,4,3,0,10,8,35,7,3,1,5,1,1,1
13,61,75,28,7,33,8,4,6,2,5,9,17,4,7,1,7,0,0,1
4,50,42,30,4,32,4,2,4,3,3,10,73,3,6,1,7,0,1,0
5,69,32,61,4,81,5,3,5,5,6,10,95,1,9,0,7,1,1,1
2,77,35,32,4,57,9,3,3,5,9,2,17,6,4,0,8,0,0,0
11,92,37,55,5,99,8,0,5,6,6,4,11,4,4,0,5,0,1,1
8,86,73,32,3,99,7,7,10,5,2,8,71,2,6,0,1,1,1,1
4,96,62,31,5,84,7,3,9,2,2,2,96,8,8,0,9,1,0,1
7,86,79,56,5,86,5,3,4,2,8,4,45,8,3,1,9,0,1,1
12,61,40,93,6,45,4,3,2,0,8,10,54,9,8,0,7,0,1,1
0,86,57,92,6,53,8,7,2,5,6,1,37,7,8,0,6,0,0,0
13,98,99,71,5,98,8,1,7,7,10,2,77,0,7,1,5,1,0,1
4,98,70,90,7,70,6,0,4,6,7,7,1,2,7,0,5,1,1,1
2,93,45,21,6,76,3,2,5,3,1,1,8,1,5,0,3,1,0,0
11,77,97,75,5,98,7,3,2,4,9,1,4,3,2,0,10,0,0,1
0,96,77,79,3,60,8,5,9,5,5,2,97,1,2,1,1,1,0,1
3,64,85,42,7,59,8,6,2,0,9,4,18,7,10,0,6,1,0,0
12,55,93,59,4,47,9,1,6,0,2,7,70,0,8,1,8,0,0,1
4,93,88,83,5,73,9,7,7,7,8,4,38,3,6,1,2,0,0,0
6,69,91,42,5,56,8,7,3,3,7,5,41,4,8,1,8,0,1,1
0,99,40,48,7,55,4,7,8,6,4,4,16,9,3,1,8,1,1,1
2,63,47,97,6,89,3,3,8,1,3,4,62,3,1,0,10,1,0,1
1,51,48,70,6,47,8,6,2,0,4,9,89,7,6,1,8,1,0,1
8,58,84,88,6,85,5,6,5,2,4,6,45,1,2,0,10,1,0,1
9,86,55,50,4,60,7,1,5,2,10,3,90,8,9,1,3,1,1,1
5,69,35,69,7,88,6,0,6,4,10,6,91,1,5,0,10,1,1,1
9,75,33,39,7,31,9,7,2,0,8,7,19,1,5,0,8,1,1,1
2,78,58,74,6,68,5,5,2,6,4,7,69,1,10,0,4,0,1,0
7,50,88,21,6,90,7,5,8,4,5,8,7,9,8,0,3,1,0,1
13,84,46,44,3,92,9,5,10,0,2,4,95,7,6,0,9,1,0,1
7,55,72,32,3,47,4,7,2,3,4,1,18,2,3,0,8,0,0,0
1,86,95,89,5,46,9,3,3,5,7,6,31,9,9,0,10,0,0,1
5,54,63,86,5,68,3,1,7,6,3,8,18,9,10,0,2,0,0,0
6,82,37,77,7,83,3,7,7,0,1,5,23,7,4,0,8,0,1,1
1,98,42,94,7,64,7,5,3,6,8,3,23,6,10,0,3,1,0,1
10,63,37,83,4,40,5,6,10,1,8,4,55,9,4,1,10,1,1,1
9,61,94,88,4,90,6,7,5,6,6,8,80,3,2,0,6,0,0,1
1,91,72,78,3,73,4,6,8,6,7,6,17,6,3,0,5,0,0,0
9,69,68,79,5,97,7,4,7,2,10,5,11,7,4,0,8,1,1,1
0,99,88,81,3,54,4,7,4,3,2,9,40,5,7,1,9,0,1,1
7,73,73,35,3,77,3,4,9,5,5,10,86,5,3,1,7,0,0,1
0,92,38,87,5,61,8,1,8,5,7,3,47,2,8,0,6,1,1,0
8,83,66,34,4,33,8,7,10,2,9,7,81,4,8,0,6,0,1,1
10,74,65,74,5,67,6,3,4,6,1,9,63,9,10,1,1,1,1,1
5,99,57,54,6,92,4,3,2,5,3,4,15,1,2,0,5,0,0,0
6,78,71,74,6,76,7,0,3,4,6,10,79,4,4,0,8,1,0,1
12,88,72,33,6,30,6,0,2,3,7,10,99,4,8,1,6,0,0,1
9,80,71,68,7,32,9,5,6,1,6,3,22,6,1,1,1,1,1,1
6,96,95,26,4,91,9,2,11,2,1,1,85,3,1,0,5,1,1,1
9,92,84,49,4,93,5,6,3,0,4,9,38,5,4,0,5,0,0,1
2,99,77,68,7,46,8,0,4,0,6,1,32,8,2,0,3,0,0,1
1,72,51,35,3,91,7,3,9,0,8,2,23,3,1,1,8,0,1,0
8,93,56,70,6,64,4,6,11,7,10,9,60,5,8,0,9,0,0,0
7,87,96,91,6,42,6,2,6,3,4,5,54,8,2,0,6,0,0,1
12,69,42,99,3,64,7,0,5,1,7,4,60,9,4,1,6,1,1,1
11,72,74,61,5,72,6,1,6,5,3,9,83,0,3,0,2,1,1,1
9,94,39,36,5,31,6,4,11,1,8,9,96,7,2,0,10,1,0,1
6,65,38,82,4,85,6,0,7,1,1,2,94,0,8,0,2,1,1,1
8,99,83,64,7,80,4,7,8,2,4,3,39,3,3,0,6,0,1,1
3,91,56,96,4,83,7,0,10,3,8,3,57,2,9,1,8,1,0,1
12,57,63,26,5,45,3,7,2,0,10,5,71,3,10,1,2,1,1,0
3,99,30,46,3,47,3,1,5,2,4,3,73,6,5,1,9,1,1,1
0,70,61,29,4,36,4,3,10,5,2,10,0,8,9,0,9,0,0,1
7,50,96,53,6,74,9,5,6,1,2,6,84,8,3,0,4,0,1,1
13,57,49,55,6,65,4,1,9,6,4,2,24,9,5,0,4,1,1,1
13,78,64,44,3,70,8,5,2,0,4,6,95,0,10,0,4,0,0,1
11,81,46,25,5,71,6,0,5,7,2,6,52,9,6,1,5,1,1,1
2,87,47,43,6,36,7,3,10,3,7,2,60,0,9,0,8,0,0,0
6,54,74,37,6,44,7,2,2,4,6,6,45,8,8,0,2,0,0,0
11,96,82,25,7,89,5,0,2,7,3,6,73,3,2,0,5,0,1,1
1,71,97,48,4,69,5,1,5,1,8,6,59,2,2,1,2,1,0,1
1,96,94,44,5,66,3,2,4,1,8,5,50,8,5,0,8,0,0,1
6,83,30,74,4,95,5,4,8,1,1,7,72,4,5,0,1,1,1,1
5,50,87,65,5,84,5,2,4,1,3,5,83,5,5,0,7,0,0,1
2,75,55,43,6,85,3,1,2,0,5,1,47,0,4,0,3,1,0,0
8,92,49,94,7,73,8,6,11,3,2,9,83,0,8,0,4,1,1,1
9,59,39,45,4,86,9,2,3,7,5,3,39,6,5,1,8,1,0,1
13,79,88,47,6,35,3,1,11,2,10,2,6,9,1,0,3,1,0,1
12,99,70,22,5,61,9,6,5,0,3,10,74,7,10,0,7,1,1,1
5,67,34,94,4,47,5,0,2,3,9,6,84,7,5,0,1,1,1,1
9,66,94,57,4,97,7,6,2,7,1,8,18,6,1,0,9,0,0,1
9,75,46,80,6,36,5,3,9,2,4,2,14,8,4,0,6,1,0,1
5,57,51,97,4,37,6,4,8,1,10,4,69,0,1,1,3,0,0,0
0,96,70,70,7,93,9,6,9,3,6,2,60,1,6,0,7,1,1,1
3,89,97,67,7,36,9,3,5,1,9,9,55,2,6,1,5,1,0,1
9,98,98,40,6,70,6,3,7,6,3,10,9,4,1,1,8,0,1,1
5,61,40,73,5,69,6,3,4,3,3,2,45,3,8,0,8,1,0,1
5,76,85,75,6,32,8,6,9,5,5,10,79,3,4,0,9,0,0,1
10,57,80,78,7,46,4,1,5,4,7,2,74,7,2,1,6,1,1,1
11,74,50,91,3,95,6,7,4,1,5,5,56,7,1,0,4,0,0,1
4,95,55,70,3,81,9,1,5,1,8,5,34,6,3,1,2,0,1,1
0,53,48,39,4,51,7,4,7,1,5,7,71,0,7,1,3,1,1,0
7,82,89,78,4,33,9,1,8,5,7,1,91,9,10,0,5,0,0,1
4,50,76,90,3,35,9,5,8,0,6,2,2,3,10,0,8,0,0,0
11,68,55,28,7,67,8,1,5,2,10,6,65,0,8,1,10,1,1,0
11,80,69,20,4,55,4,1,9,1,2,2,52,4,5,0,2,1,1,1
11,65,34,48,6,40,4,1,8,1,3,4,77,2,7,1,5,1,1,1
4,63,50,82,6,46,6,0,3,7,4,10,51,2,2,1,9,0,0,1
6,97,33,91,7,60,5,4,9,7,5,6,92,3,4,0,2,0,0,1
3,54,52,75,4,64,9,5,10,0,9,7,52,1,6,1,8,0,0,1
5,90,44,87,6,45,3,1,6,0,6,10,53,6,5,1,3,1,0,1
12,75,37,54,4,47,5,7,5,4,1,5,46,3,6,1,8,1,1,1
3,77,70,22,4,91,5,4,5,3,3,8,2,4,2,1,4,0,1,1
13,51,48,26,6,56,4,2,5,1,7,6,64,1,7,1,4,1,1,0
2,99,75,46,3,64,4,0,7,3,8,5,14,5,8,1,7,1,0,1
6,55,57,20,6,74,8,6,5,6,7,4,83,8,9,0,5,1,0,0
7,58,97,99,7,64,8,7,8,0,5,6,85,7,6,1,4,1,0,1
3,82,44,90,5,57,4,1,8,0,10,6,33,7,7,1,7,1,1,1
12,90,66,63,6,38,7,7,6,4,8,6,49,1,1,0,3,0,1,1
1,74,30,60,4,44,7,5,6,2,9,1,32,3,9,0,9,0,1,0
11,97,96,94,4,50,3,0,11,5,7,6,72,7,6,0,5,1,1,1
9,62,53,61,6,81,4,5,9,5,9,1,2,0,4,1,3,1,0,0
13,58,56,52,5,64,6,6,8,5,1,5,1,7,10,0,2,0,0,0
2,62,69,69,6,80,8,6,8,0,9,7,3,2,9,1,7,0,0,0
0,80,92,82,5,84,4,7,7,1,3,1,15,7,1,1,7,0,1,1
7,90,90,56,5,73,7,0,8,7,6,1,53,5,2,1,5,0,1,1
2,60,65,78,7,94,4,2,8,4,8,6,32,6,3,1,4,0,1,0
11,53,53,67,4,54,7,7,11,2,3,7,8,1,1,0,2,1,1,1
9,83,53,24,4,76,4,4,3,6,4,6,56,0,2,1,2,0,0,1
6,87,33,67,5,85,9,0,11,5,7,5,39,5,2,1,7,0,0,1
9,95,96,22,4,67,6,3,3,4,7,6,51,2,7,1,10,0,1,1
4,53,63,66,3,40,3,6,11,7,4,3,81,3,10,1,7,0,0,0
9,87,86,81,5,96,9,2,8,7,9,9,15,8,6,1,4,1,1,1
4,68,78,33,4,44,6,7,11,0,3,5,7,2,9,1,4,1,1,0
13,55,82,82,3,30,7,6,8,5,8,2,86,1,5,0,4,0,1,0
6,83,52,80,7,36,8,3,8,2,8,10,59,1,9,0,2,0,1,1
8,67,98,50,4,30,8,2,6,6,4,10,35,1,10,1,9,1,1,1
11,62,82,36,3,78,5,6,2,3,7,7,2,5,9,1,1,0,0,0
4,90,91,43,6,58,6,3,3,7,4,3,14,1,2,1,8,0,0,0
0,72,70,42,6,55,4,3,10,7,1,1,96,6,9,1,6,1,0,0
9,68,86,69,3,74,3,6,9,6,1,3,81,6,3,1,10,1,0,1
9,94,89,97,5,41,4,7,9,7,1,9,22,6,3,0,7,0,0,1
0,60,83,98,5,61,4,6,11,2,2,5,2,1,9,1,5,0,0,0
1,50,99,98,4,49,6,5,2,6,6,7,29,6,7,0,6,1,1,1
13,73,86,89,6,80,3,0,7,1,10,3,44,9,8,0,6,1,1,1
5,56,39,46,5,65,5,0,10,5,5,4,16,7,7,0,9,1,0,0
8,74,69,34,5,96,9,2,9,5,2,1,57,7,9,0,10,0,1,1
7,70,36,69,6,30,4,4,4,3,8,3,57,1,8,0,4,0,1,0
12,64,67,55,7,56,3,6,5,6,9,7,95,4,4,1,5,0,1,1
4,50,90,27,5,69,5,7,4,3,7,4,56,5,2,1,4,1,0,0
0,61,32,98,3,43,9,5,7,6,9,2,6,8,5,1,1,0,0,0
12,56,80,22,4,98,4,0,10,5,4,5,38,5,2,1,10,1,0,1
6,64,76,81,5,35,3,0,9,1,7,5,77,9,4,0,6,0,1,1
4,70,97,66,5,62,9,7,11,7,5,2,57,5,2,0,5,1,0,1
5,68,67,96,7,84,6,5,5,6,5,6,55,9,5,1,4,0,0,1
12,78,65,80,3,48,8,1,3,3,3,10,14,9,6,0,6,1,0,1
6,74,70,51,4,58,8,5,9,0,9,4,43,5,1,1,5,1,1,1
2,82,98,32,5,90,4,7,9,7,10,1,11,8,8,0,3,1,0,0
11,98,42,20,4,99,4,0,7,5,5,3,7,9,2,0,2,1,0,1
9,81,87,53,6,53,9,4,9,2,6,9,79,6,5,0,6,0,0,1
2,98,79,81,5,52,3,1,10,2,3,10,40,0,8,0,4,1,1,1
4,84,59,98,5,39,8,7,2,7,10,7,33,0,5,1,10,0,0,0
5,93,91,97,6,83,4,7,10,1,7,6,45,3,3,0,3,0,0,1
8,87,54,90,7,70,5,3,3,0,9,1,87,1,6,1,8,1,1,1
12,75,56,50,5,78,4,5,2,3,9,9,28,2,1,1,9,1,0,1
13,60,80,83,4,46,8,3,9,6,10,9,15,6,1,0,7,0,0,1
11,84,86,44,3,85,7,1,9,5,10,1,4,6,8,1,2,0,0,1
4,57,76,57,4,74,8,1,5,2,5,6,4,2,7,1,8,0,0,1
0,95,68,33,7,59,5,1,9,2,7,7,29,1,10,1,5,0,1,0
13,63,45,27,3,73,3,2,8,2,3,2,49,0,10,1,10,0,1,0
13,59,51,73,4,84,5,5,3,2,6,10,4,8,3,0,7,0,1,1
13,51,83,21,4,48,7,7,6,4,8,8,12,9,8,0,5,0,0,0
3,95,50,97,6,58,7,6,11,1,8,8,98,2,8,0,2,1,0,1
4,58,45,75,7,31,4,4,5,3,2,6,48,8,1,0,4,0,0,1
11,52,88,80,6,65,4,4,4,5,6,9,88,3,10,1,5,0,0,1
9,70,60,41,3,48,8,7,2,5,7,3,49,9,7,1,6,1,1,0
9,75,71,54,6,36,6,3,6,5,7,2,13,5,2,0,5,0,0,1
4,57,61,35,7,55,5,7,11,3,3,2,45,6,2,0,10,0,1,0
6,97,88,69,5,67,8,3,9,1,9,6,89,9,2,1,1,1,0,1
3,51,63,62,5,32,6,6,10,7,2,7,81,5,5,0,1,0,0,0
0,55,38,36,3,95,8,3,8,7,3,6,83,0,7,1,3,0,1,0
13,77,40,99,5,72,7,5,2,0,2,3,33,5,4,0,9,1,0,1
13,78,39,77,6,91,4,0,2,6,9,5,70,5,4,1,2,1,0,1
4,75,46,21,3,53,4,3,2,7,4,8,46,4,9,1,10,0,0,0
6,74,97,23,7,68,8,1,3,6,2,6,59,2,10,0,5,1,0,0
9,61,77,58,3,97,4,3,2,1,3,2,73,9,9,0,9,1,1,1
9,54,81,25,3,73,3,1,5,2,4,7,78,2,7,0,7,0,0,1
5,83,54,88,4,34,8,2,11,6,10,8,80,9,10,1,8,1,1,1
4,97,50,88,4,84,7,0,10,2,6,4,10,6,4,0,2,1,1,1
3,86,94,39,3,59,9,0,5,1,5,1,97,7,8,0,5,0,0,1
1,64,92,83,5,58,8,6,5,1,3,2,90,2,10,0,9,0,0,0
3,93,80,35,4,55,8,5,8,3,10,4,84,2,3,0,1,1,1,1
9,85,65,70,7,55,4,7,10,3,8,7,94,6,3,0,1,1,1,1
9,64,95,56,6,66,7,5,8,4,8,2,49,9,7,1,10,0,0,1
2,92,44,92,4,82,8,4,2,5,7,6,3,6,9,0,8,0,0,1
9,97,68,88,3,59,4,2,2,4,3,2,40,8,4,0,2,1,1,1
0,72,99,61,5,32,5,6,5,5,1,7,58,5,4,0,9,0,0,1
7,55,30,76,6,72,7,5,5,2,5,2,59,6,1,0,10,0,0,1
4,95,52,85,4,36,6,1,2,4,1,3,80,9,1,1,9,1,1,1
12,99,68,28,5,78,3,2,7,4,6,9,61,0,3,1,4,1,0,1
3,93,86,83,5,70,6,0,11,0,7,4,83,6,7,0,2,0,1,1
7,92,63,41,5,83,9,7,3,1,5,5,24,1,9,0,3,0,0,0
6,94,70,53,3,98,7,7,6,3,4,9,86,6,4,0,10,1,1,1
1,70,42,74,7,56,8,1,9,4,2,7,78,2,2,1,1,0,1,1
0,72,99,48,5,37,4,6,4,3,5,8,32,8,6,1,3,1,1,1
11,92,35,57,6,61,9,6,10,5,9,3,18,4,6,0,5,0,1,0
10,65,81,37,4,93,7,2,8,4,4,4,56,6,9,1,3,0,1,1
3,96,32,90,6,39,3,0,10,5,2,7,14,7,4,1,3,0,0,1
7,64,92,84,3,42,7,5,2,7,6,4,40,1,8,1,10,1,0,0
11,74,78,20,3,92,9,1,6,7,8,2,68,0,3,1,6,1,1,1
1,85,76,23,6,64,4,1,4,4,2,10,79,6,2,1,3,0,1,1
2,60,84,23,7,90,6,0,5,7,9,6,59,5,9,1,3,0,1,0
11,64,93,46,3,83,5,1,5,6,7,9,95,5,6,0,9,1,1,1
0,53,94,62,3,37,6,7,8,2,2,2,21,1,8,1,2,1,1,0
0,70,96,78,6,58,4,5,11,0,5,1,42,2,10,0,1,0,0,0
12,62,44,51,3,70,9,5,9,5,5,8,31,3,9,1,10,1,1,1
2,71,61,52,7,59,4,5,11,1,7,1,12,2,1,0,8,1,0,0
10,68,97,47,7,50,3,0,6,1,5,1,37,1,1,1,3,0,1,1
4,83,47,74,7,40,7,3,11,2,6,3,25,2,5,0,7,0,1,1
11,63,72,79,4,31,7,3,8,7,9,5,80,5,9,0,2,1,0,1
2,53,64,89,7,79,6,6,4,2,3,9,4,8,7,1,8,1,1,1
0,97,87,81,7,70,9,6,4,7,3,10,48,3,7,0,9,0,1,1
0,95,62,99,4,95,5,7,4,6,8,2,96,5,2,0,8,1,0,1
7,76,43,53,5,32,5,1,5,1,10,1,90,0,3,1,8,0,0,0
9,78,63,75,3,80,3,5,7,5,6,1,4,5,4,0,8,0,1,1
10,96,90,32,7,97,4,1,6,1,10,8,70,2,2,1,7,1,0,1
11,77,33,75,3,54,3,0,9,0,3,10,47,8,10,0,2,0,1,1
12,84,88,37,6,59,7,1,6,4,2,10,17,3,9,0,8,0,0,1
12,57,58,73,3,40,8,4,6,7,2,10,94,6,5,1,5,0,1,1
11,65,35,96,4,46,8,3,11,0,2,2,5,3,7,0,6,0,0,1
13,91,78,62,3,55,8,1,3,6,5,9,65,5,9,0,4,0,1,1
1,85,69,58,3,52,4,1,6,6,5,9,76,6,5,1,1,1,0,1
12,79,94,80,3,85,3,2,8,7,1,2,41,1,6,1,5,0,0,1
2,67,98,61,5,81,9,7,3,7,2,3,51,9,4,1,3,0,1,1
1,51,56,98,5,77,6,1,7,1,2,2,10,5,8,0,9,0,1,0
2,98,35,37,6,49,7,4,8,4,4,6,25,7,1,0,4,1,1,1
6,62,42,42,4,31,8,3,6,1,7,7,20,5,1,1,10,0,0,1
0,53,93,73,3,60,9,2,10,0,3,6,65,1,5,0,2,0,1,1
9,75,91,49,3,56,5,7,5,0,5,3,39,3,10,0,4,0,1,0
7,74,48,77,3,31,3,0,11,7,9,3,55,0,9,0,3,0,0,0
12,79,72,87,3,33,7,6,2,5,5,2,50,6,2,0,3,1,0,1
9,60,49,86,5,42,7,0,9,5,9,2,19,7,3,0,5,1,1,0
9,56,97,90,6,64,5,3,9,0,1,5,80,9,8,1,1,0,1,1
9,80,73,37,7,95,5,6,8,4,9,8,79,1,5,1,5,1,0,1
13,93,52,26,4,35,5,0,9,7,5,6,56,9,3,0,8,1,0,1
1,59,31,59,3,60,8,7,3,6,8,9,4,4,6,0,10,1,1,0
2,88,51,89,6,39,8,4,4,5,5,5,13,7,6,0,9,0,0,1
8,62,86,84,7,50,3,1,10,5,6,10,23,7,5,1,1,0,0,0
6,80,36,87,6,52,5,3,2,3,8,4,67,4,5,1,2,0,1,0
3,56,85,68,5,32,6,6,9,3,2,9,51,7,6,1,2,0,1,0
9,98,96,71,7,61,7,2,9,5,3,10,47,5,2,1,6,0,1,1
4,91,45,48,6,49,5,1,8,1,9,5,87,4,6,1,1,0,0,0
1,91,80,40,5,58,7,0,6,4,5,1,46,3,2,0,1,1,1,1
12,85,41,97,6,81,4,0,5,2,5,5,59,4,3,0,2,1,0,1
10,69,82,28,6,75,9,2,11,5,9,5,72,3,2,0,4,1,0,1
12,53,34,66,7,63,4,4,11,3,10,5,2,0,1,0,2,1,0,0
7,56,56,95,5,90,5,7,11,4,3,2,8,2,1,1,4,1,0,0
3,50,41,61,3,99,7,7,11,4,4,6,81,7,9,0,3,0,1,0
8,93,46,70,4,40,9,2,7,3,7,5,99,6,4,0,3,0,0,1
4,94,35,75,7,92,4,3,2,7,2,2,82,6,5,0,9,1,1,1
12,91,34,70,5,50,5,2,6,4,8,10,23,2,10,0,8,0,0,1
8,96,86,89,6,32,7,0,5,7,5,8,3,8,7,1,10,0,0,1
3,62,57,39,5,39,5,4,5,4,1,6,8,5,2,1,9,0,1,0
9,71,98,46,4,56,8,4,8,3,3,10,96,7,10,0,1,0,1,1
4,70,88,57,4,41,7,5,10,0,9,3,0,7,9,0,5,0,1,1
8,71,62,91,3,36,4,2,9,5,5,9,34,2,4,0,4,1,1,1
7,77,91,84,3,46,5,3,9,1,8,4,73,3,10,0,9,1,1,1
2,58,79,73,4,94,4,0,6,7,1,3,11,5,10,1,3,1,1,0
0,75,48,43,7,93,5,1,7,2,7,7,17,1,1,1,5,0,0,1
2,58,98,66,7,55,3,7,3,1,7,8,77,6,8,0,8,0,1,0
3,64,95,90,6,44,4,7,4,0,8,7,9,1,4,0,10,0,0,1
1,59,76,82,3,62,4,7,6,6,3,1,73,4,7,1,5,0,0,0
0,73,68,76,6,91,6,4,3,0,1,1,17,3,3,1,9,1,1,1
6,91,97,74,3,76,9,7,4,4,9,5,23,8,9,0,2,0,0,1
7,57,62,79,4,64,8,2,5,1,1,8,0,1,5,0,6,1,0,1
6,73,42,81,7,94,4,5,7,7,6,10,93,6,5,0,5,1,1,1
13,65,83,49,7,54,7,3,6,7,9,3,78,6,3,1,9,1,1,1
4,98,36,41,4,86,9,3,11,0,2,8,71,6,9,1,7,1,0,1
11,75,43,94,6,61,5,6,5,1,4,3,98,0,3,1,8,0,1,0
0,76,48,48,6,92,3,7,3,0,2,4,81,7,2,1,7,0,1,1
6,86,83,60,5,41,7,0,6,2,4,10,15,1,9,1,10,1,0,1
12,53,49,61,3,92,9,4,6,0,2,7,84,4,9,0,10,0,1,1
6,99,58,84,6,30,7,0,8,1,1,3,14,1,10,0,5,0,1,1
8,73,53,50,4,80,7,7,2,4,3,4,61,4,4,0,5,0,1,1
2,68,92,49,6,99,7,5,5,1,8,8,4,6,4,0,4,1,0,1
8,85,86,37,7,37,9,1,6,3,5,4,44,5,10,1,2,1,0,1
13,88,37,36,3,97,3,7,9,1,4,9,51,4,6,0,9,1,1,1
0,59,91,57,5,34,6,1,9,2,5,4,70,3,9,1,10,1,1,0
0,74,58,33,3,68,8,1,2,5,6,4,6,7,8,1,10,1,1,0
13,67,46,98,7,52,4,3,6,2,6,5,26,7,10,0,10,1,0,1
3,68,95,75,7,97,9,4,11,2,5,1,88,0,3,0,10,1,0,1
8,85,35,41,7,81,7,7,2,0,6,7,85,9,6,0,3,0,1,1
5,59,87,86,7,33,4,0,2,2,9,9,12,1,7,0,3,1,1,1
12,82,98,75,4,76,9,0,3,1,5,9,16,2,6,0,3,0,0,1
10,99,57,38,5,50,4,5,3,7,6,1,43,0,3,0,8,1,1,1
2,54,91,76,7,85,7,1,10,5,4,6,12,2,9,1,6,0,1,1
0,96,70,63,7,95,6,4,5,7,3,3,89,9,4,1,1,0,0,1
3,98,98,54,6,88,9,4,4,6,6,4,72,7,2,1,3,0,1,1
11,84,70,20,5,36,4,5,2,4,5,8,4,3,9,0,4,0,1,0
12,93,78,71,3,78,5,2,3,6,4,4,32,6,3,1,2,1,0,1
8,83,78,89,5,45,4,4,7,2,5,8,3,6,6,0,6,1,1,1
2,82,32,56,5,46,8,4,10,7,7,4,91,4,5,0,10,1,0,0
11,70,39,84,5,63,7,0,6,1,1,9,25,0,2,1,1,1,0,1
8,66,64,70,7,62,3,5,5,0,1,6,67,9,1,1,1,1,0,1
6,71,31,20,7,55,4,7,6,0,1,1,15,3,9,0,8,1,1,0
11,97,53,40,4,95,6,4,10,4,2,10,21,6,3,0,4,1,1,1
13,86,67,72,3,92,5,4,8,4,9,2,35,4,7,1,1,1,1,1
3,64,51,35,6,70,5,0,9,1,5,7,57,1,9,1,7,1,1,0
2,84,55,80,5,87,3,7,5,4,9,10,54,7,9,1,9,1,0,1
9,77,72,73,3,39,8,7,9,7,5,7,34,1,10,1,10,1,0,0
4,56,84,59,3,44,3,4,7,7,7,3,24,7,6,1,7,0,0,0
4,81,68,45,4,71,8,0,6,4,6,1,71,1,8,1,1,0,1,0
2,60,58,99,6,86,4,2,8,0,2,8,80,4,9,0,1,0,0,0
11,59,49,84,5,46,7,3,7,1,3,10,60,3,3,1,1,0,0,1
8,58,70,93,6,89,6,6,4,5,5,10,17,0,6,0,8,0,1,1
3,63,83,83,4,38,5,0,6,4,4,7,57,7,5,0,7,1,1,1
10,62,49,62,7,65,3,0,10,1,6,10,75,9,7,1,3,1,0,1
4,74,48,36,3,65,6,4,8,2,8,8,56,2,7,1,3,0,1,0
3,51,95,78,5,77,8,0,5,0,8,1,96,3,9,1,3,1,1,1
4,84,59,42,7,80,7,5,8,5,3,3,86,3,1,0,2,0,1,1
6,56,82,26,4,99,5,1,6,7,4,2,62,4,6,0,4,1,0,0
8,70,63,63,6,97,5,1,3,0,1,1,11,2,5,1,7,1,0,1
6,67,51,72,3,51,8,2,7,0,2,5,10,8,4,1,9,0,0,1
12,52,96,90,5,35,7,7,8,7,9,3,12,3,10,0,3,0,0,0
4,91,35,98,7,55,5,0,9,3,10,10,34,9,1,0,10,0,0,1
9,88,56,53,7,32,7,7,7,1,10,8,26,3,4,1,7,1,0,1
9,90,39,65,3,81,5,5,9,7,2,6,88,5,10,1,4,0,0,1
6,98,77,87,6,89,4,4,8,2,6,10,66,7,7,1,1,1,0,1
13,60,99,97,4,92,8,4,3,4,7,9,88,6,4,0,5,1,1,1
9,88,88,97,6,94,7,6,7,2,6,9,44,3,1,0,8,1,1,1
4,73,88,35,6,81,6,3,10,1,8,6,73,3,10,1,3,1,0,0
2,95,31,90,6,43,4,2,7,7,9,2,80,4,1,1,10,0,1,1
6,68,58,38,3,97,9,5,5,0,8,9,66,9,1,1,4,0,1,1
12,53,97,21,3,57,6,7,8,7,5,2,21,4,10,0,3,0,0,0
10,75,94,29,4,39,8,5,4,3,8,3,77,0,5,0,10,0,0,1
10,87,55,69,6,86,5,6,6,1,10,6,90,7,7,0,8,1,0,1
1,91,39,31,3,95,9,6,2,5,10,2,41,9,9,1,10,0,1,0
11,81,82,89,4,79,6,4,11,5,9,5,19,4,8,1,8,0,1,1
8,88,88,41,4,43,4,7,4,1,8,2,47,2,2,1,4,0,0,0
9,94,51,51,6,45,9,3,9,4,2,4,17,2,9,0,2,0,0,1
9,95,80,20,5,83,9,4,10,2,2,3,76,3,4,0,3,1,1,1
11,85,77,73,6,72,7,3,10,2,3,5,69,6,10,0,3,1,0,1
0,89,50,77,5,71,3,1,11,4,7,6,73,4,5,1,4,1,0,1
12,86,51,89,4,51,6,5,3,3,9,7,92,0,5,1,2,1,1,1
5,82,59,37,3,97,3,6,5,0,8,10,5,4,4,0,2,0,1,1
6,85,54,25,7,48,8,1,6,6,9,8,38,4,6,1,3,1,0,1
13,52,57,64,4,95,6,7,4,6,6,9,10,5,1,1,1,0,1,1
12,58,94,42,3,68,6,4,2,0,1,4,24,6,2,0,8,0,1,1
7,57,74,42,4,48,7,2,7,5,4,4,93,4,4,0,6,0,0,1
9,82,97,45,6,45,5,0,11,3,6,7,54,1,4,0,3,0,0,0
8,55,36,96,5,83,4,2,3,4,6,10,83,1,8,0,1,1,0,0
1,90,78,26,4,54,4,2,10,6,8,10,57,3,9,0,3,1,0,0
10,88,38,98,3,47,4,0,2,1,1,9,36,0,4,1,1,0,0,1
9,53,65,63,6,52,8,5,10,7,2,2,15,6,6,0,3,1,0,0
1,62,30,46,7,40,9,1,8,2,2,6,94,0,4,1,4,1,0,0
4,98,39,45,6,68,5,1,11,7,6,10,92,2,4,1,6,0,1,1
12,51,65,98,5,97,3,5,3,1,7,10,69,9,9,0,7,0,0,1
4,54,75,55,6,54,4,0,7,2,2,8,92,6,4,0,7,1,1,1
5,93,61,74,7,92,3,3,9,1,5,5,95,5,6,1,9,0,0,1
2,76,61,83,3,59,5,2,3,4,6,5,72,6,9,1,8,1,0,1
7,81,35,76,4,74,8,4,6,4,4,8,36,4,3,1,4,0,0,1
12,70,77,88,5,90,5,1,7,3,1,1,52,7,7,0,6,0,0,1
0,57,67,80,7,80,7,5,4,1,3,6,86,5,7,1,1,0,0,1
5,87,46,21,5,38,9,4,3,1,10,10,15,3,1,0,8,0,0,1
3,57,56,74,6,31,4,6,7,3,9,9,17,0,2,0,6,1,1,0
0,99,83,99,5,34,8,0,4,3,6,6,18,1,5,1,2,1,0,0
6,52,79,57,7,91,7,4,3,7,2,7,43,5,8,0,8,1,0,1
8,93,64,99,4,98,4,7,2,4,9,4,1,3,6,1,4,1,0,0
12,52,54,97,4,81,5,4,9,7,4,10,57,2,7,1,9,0,1,1
3,71,57,48,5,34,5,7,2,4,8,1,9,6,3,0,4,0,1,0
3,55,44,45,3,88,6,2,6,7,10,9,75,6,6,0,1,1,0,0
5,51,33,54,5,97,6,0,7,5,7,6,45,1,9,1,7,1,0,0
11,72,56,98,6,38,5,4,4,1,3,3,81,7,3,0,10,1,0,1
2,93,55,86,4,51,5,1,8,7,8,4,18,0,6,0,5,1,0,0
12,51,48,48,4,56,3,0,3,7,4,10,37,9,7,1,10,1,0,1
11,87,46,53,4,39,9,1,8,4,2,6,36,6,5,0,5,0,1,1
5,66,72,60,3,90,3,5,3,6,5,6,90,9,10,1,4,1,0,1
6,84,70,60,3,80,9,5,6,4,1,9,77,0,8,1,6,1,1,1
10,83,71,42,7,39,7,6,8,1,8,4,44,2,8,0,1,0,1,0
9,72,79,90,5,35,6,3,4,3,8,5,33,2,6,1,3,0,0,0
9,79,69,22,5,91,6,5,5,1,3,5,1,9,7,0,7,1,1,1
2,57,68,77,6,34,5,4,2,6,1,3,43,1,3,1,8,1,0,0
6,71,52,51,4,99,5,0,4,0,4,2,96,9,7,0,9,1,1,1
13,93,81,50,3,92,7,5,10,1,9,8,82,4,7,1,1,0,0,1
2,85,76,62,6,85,8,1,11,0,9,10,26,3,4,1,4,1,0,1
12,54,92,26,6,88,8,4,6,7,1,9,47,5,10,0,2,1,0,1
12,62,98,20,3,92,8,5,9,1,7,10,93,1,4,0,2,0,0,1
1,78,72,80,5,88,6,7,3,6,6,9,6,3,3,0,1,0,1,0
11,80,77,33,4,80,3,7,4,0,7,5,26,6,10,0,5,0,1,1
13,96,63,71,5,79,8,2,8,0,7,9,84,0,7,0,2,0,1,1
9,65,69,25,6,33,4,1,11,6,8,4,70,2,5,0,4,1,0,0
3,91,90,29,4,77,7,6,5,1,8,2,88,0,3,0,9,0,0,1
11,79,79,90,7,61,8,6,10,5,10,3,17,1,6,0,3,0,1,1
7,65,96,49,6,80,4,6,8,4,2,1,32,8,6,0,8,0,0,0
12,61,91,40,5,81,8,1,2,2,4,5,32,9,6,1,10,1,0,1
8,66,87,79,5,63,3,6,5,4,4,1,95,4,2,0,6,0,1,0
6,65,62,93,5,65,3,3,11,0,10,1,24,3,10,1,10,1,0,0
0,61,45,82,3,99,8,2,7,7,8,7,13,3,7,0,5,0,1,0
2,57,77,61,6,72,4,3,7,1,3,2,37,7,7,0,2,1,0,0
12,69,39,70,4,45,7,7,11,1,3,8,37,2,10,1,3,1,0,0
11,52,67,83,5,88,4,5,7,7,2,6,3,3,4,1,8,1,1,1
13,65,48,95,5,82,7,2,6,1,1,4,61,1,6,0,9,0,1,1
8,79,65,75,3,48,8,1,4,1,8,9,81,5,4,1,7,1,1,1
11,94,88,99,4,70,7,3,3,5,9,10,9,8,4,0,1,0,1,1
0,72,92,60,6,76,5,4,4,2,9,8,34,3,6,1,6,0,1,1
8,77,75,51,7,83,6,2,10,3,8,10,98,5,9,0,7,1,0,1
7,89,32,34,3,84,9,1,4,0,5,3,22,3,7,1,6,0,1,1
0,54,94,81,6,48,6,0,4,2,1,3,88,1,2,0,10,1,0,1
5,69,37,46,7,91,3,2,2,4,9,4,64,5,6,1,2,0,0,0
4,89,80,47,5,88,5,2,3,3,6,9,81,6,5,0,9,1,1,1
5,93,35,83,5,94,6,5,4,3,7,9,78,3,6,1,3,0,1,1
9,50,68,78,4,97,8,4,3,7,8,5,24,6,8,0,6,1,0,0
11,79,89,77,7,57,7,5,9,1,5,9,95,7,8,0,6,0,1,1
12,70,57,21,5,47,7,6,7,2,6,6,52,2,3,0,8,0,1,0
12,69,83,55,5,55,4,2,8,7,7,8,83,1,9,1,4,1,0,0
12,55,66,90,4,48,4,7,2,4,7,8,16,4,6,1,6,0,0,0
4,71,38,32,6,84,7,2,7,1,2,10,56,1,7,1,1,0,1,1
5,67,85,34,5,86,8,6,3,1,1,7,74,9,9,1,9,1,0,1
4,57,88,79,3,35,7,4,7,6,8,4,76,4,7,1,9,1,0,0
10,88,31,41,3,30,4,4,4,6,5,4,88,9,10,0,7,1,0,0
11,81,90,82,6,37,6,7,8,6,10,6,19,5,9,1,1,1,0,0
4,82,87,94,7,80,3,7,4,5,2,9,24,7,1,0,3,1,0,1
3,65,89,93,4,54,4,3,10,7,3,7,41,5,1,0,5,0,0,1
2,61,69,44,3,76,8,1,4,0,6,5,44,3,3,0,4,1,0,1
2,87,65,67,3,84,6,1,8,3,10,5,30,2,9,0,5,0,0,0
3,83,66,62,6,93,6,3,5,4,6,8,64,1,1,0,7,0,0,1
8,63,47,57,7,39,6,1,9,3,8,6,51,0,1,1,9,0,0,0
1,85,92,60,7,85,5,2,3,2,5,1,79,1,5,0,1,0,1,1
8,82,51,64,6,41,5,3,9,0,5,1,91,1,8,1,5,0,1,0
0,72,40,59,3,62,9,3,10,1,7,9,20,4,2,0,3,1,1,1
13,99,87,36,4,46,6,1,9,0,10,8,29,8,4,0,3,1,0,1
0,94,86,76,3,90,8,0,7,1,5,6,2,0,6,1,2,1,0,1
4,51,33,21,7,39,7,7,11,7,9,1,97,3,1,1,6,1,0,0
5,90,36,81,3,60,8,1,2,6,6,2,69,9,4,0,6,1,0,1
5,70,90,28,4,89,5,5,8,0,7,10,42,6,4,0,3,1,0,1
2,51,83,87,5,99,4,0,2,1,8,3,28,9,9,0,1,0,1,1
6,76,97,36,3,46,9,3,8,3,5,10,2,2,9,1,7,1,0,1
8,58,30,69,6,79,5,0,3,6,4,3,57,7,6,1,2,1,1,1
10,50,84,59,5,66,7,2,9,6,8,2,32,2,8,0,8,1,1,0
11,60,32,77,6,91,3,4,3,6,10,2,74,7,10,1,3,1,1,0
9,52,67,94,6,58,9,0,4,3,9,6,44,1,4,1,1,1,0,1
7,72,30,40,6,61,5,5,4,3,1,7,68,4,10,1,10,0,1,1
5,75,67,37,3,40,8,4,2,3,3,4,31,3,8,1,9,0,0,0
11,53,58,74,7,35,9,2,6,6,4,1,81,8,3,1,5,0,0,1
7,67,34,48,5,64,8,5,6,0,7,6,83,2,2,1,1,1,1,1
11,55,50,43,4,62,6,6,11,1,6,7,51,4,6,1,10,1,1,0
4,84,96,93,7,47,6,4,6,3,10,4,63,9,5,0,6,1,1,1
7,71,76,36,3,66,6,6,10,0,10,6,39,8,8,1,10,0,0,1
9,92,64,37,6,42,9,2,7,1,1,9,91,5,1,1,3,0,0,1
11,64,97,61,4,93,3,4,7,6,4,4,12,1,10,0,4,1,1,1
3,71,98,64,5,30,7,4,4,0,6,10,89,0,3,1,8,1,0,1
9,86,30,36,7,92,9,1,6,6,3,4,79,0,7,1,5,0,0,1
7,91,97,92,7,63,4,5,11,5,2,10,88,6,10,1,6,0,0,1
9,61,41,33,4,39,8,7,8,3,2,5,73,1,4,1,10,0,1,1
11,96,89,68,3,36,8,5,4,2,10,3,28,6,10,0,4,1,1,1
1,98,56,48,5,85,9,0,3,0,4,10,62,0,5,1,6,0,1,1
11,91,85,23,4,66,9,6,6,3,1,2,83,3,8,0,3,1,0,1
11,87,52,39,6,58,7,6,4,4,10,9,25,9,1,1,10,1,1,1
4,67,54,66,5,41,3,5,6,1,2,1,95,3,1,1,1,1,0,1
8,94,50,28,7,46,9,5,10,5,10,5,58,4,7,1,6,0,0,1
3,84,90,96,4,77,6,4,11,3,2,5,48,9,9,1,1,0,0,1
10,79,92,98,7,55,7,6,2,4,4,8,52,0,4,0,10,0,0,1
5,73,81,46,7,41,4,3,5,0,4,6,87,6,8,0,3,0,1,1
0,91,54,34,7,50,6,7,11,0,1,6,30,1,10,0,8,1,1,1
8,79,84,38,3,71,4,1,6,4,7,6,11,1,7,0,7,1,0,1
0,63,75,71,7,90,5,7,3,5,7,4,57,7,2,0,8,1,1,1
4,55,61,45,6,87,4,0,3,4,10,1,35,8,5,1,10,1,1,0
3,52,84,45,6,83,6,7,2,1,10,3,9,5,9,0,10,0,1,0
12,65,34,45,5,63,5,1,9,0,10,10,5,0,9,0,2,1,1,0
11,56,65,65,7,36,6,0,3,4,1,6,6,0,3,1,10,0,1,1
12,63,78,68,7,64,8,2,4,2,8,5,30,6,3,0,7,1,1,1
12,58,87,72,4,44,6,4,3,2,10,10,90,7,2,1,4,0,1,1
13,64,68,22,3,94,5,5,5,4,7,1,71,2,7,0,1,1,1,0
2,70,90,85,5,54,4,5,2,1,7,5,2,8,6,1,3,1,1,1
12,84,38,61,7,88,8,3,4,0,6,2,46,3,5,0,5,0,1,1
5,51,35,38,4,35,3,7,6,2,4,1,84,3,7,1,10,1,1,0
1,76,64,36,3,81,3,6,11,4,8,4,0,2,4,0,8,0,0,0
2,51,68,52,5,50,3,6,2,6,2,6,44,7,5,0,2,1,0,0
4,84,51,95,5,61,3,1,5,4,7,7,53,8,9,1,2,0,1,0
8,67,70,68,7,82,7,1,7,3,3,9,49,0,9,1,8,0,1,1
1,63,34,75,5,88,3,1,5,4,3,5,78,1,4,1,9,0,1,1
9,69,71,82,4,98,5,6,8,1,7,8,6,0,6,0,10,0,1,1
7,67,96,22,5,91,9,5,8,2,3,8,62,3,2,1,1,1,0,1
13,59,59,68,6,33,3,6,7,3,5,9,14,9,3,0,2,0,0,1
1,74,86,74,4,47,6,1,10,2,8,3,88,6,9,1,4,0,1,0
10,51,58,45,3,85,9,4,3,2,4,3,66,6,6,0,3,0,0,0
12,74,66,91,3,53,3,0,11,1,7,9,29,5,8,1,1,0,1,1
4,82,42,71,7,95,9,5,9,4,7,7,77,4,5,1,4,1,0,1
6,85,61,26,7,42,4,4,9,1,2,4,67,3,2,0,2,0,1,1
7,80,75,65,6,91,5,2,11,4,8,1,35,7,7,1,10,1,0,1
0,63,52,65,3,83,5,7,5,3,10,7,66,6,6,1,5,1,0,0
5,50,74,35,3,44,9,4,7,1,10,10,4,9,2,1,1,0,0,1
0,95,46,43,3,98,8,7,7,1,9,6,24,0,6,0,8,0,1,0
1,65,95,80,3,32,7,4,6,6,6,3,94,5,8,0,10,0,0,1
0,95,35,73,5,66,6,2,2,5,5,5,10,1,1,1,2,0,1,1
10,52,47,81,4,66,9,4,4,0,1,3,71,3,4,1,3,1,0,1
4,84,51,20,4,32,5,0,8,1,1,8,89,4,1,0,3,1,0,1
9,90,62,68,6,92,4,5,9,5,9,5,65,7,2,0,4,0,1,1
8,55,59,44,5,64,3,7,3,7,4,10,27,5,1,1,7,0,1,0
5,74,61,29,3,81,5,3,4,0,1,10,59,1,6,0,9,1,1,1
10,62,71,99,3,57,4,6,5,6,10,6,9,4,6,1,3,1,0,1
10,83,39,35,7,47,3,2,6,4,3,2,49,4,1,1,1,0,1,1
0,57,65,77,7,65,7,7,4,7,6,8,38,5,4,0,10,0,1,0
12,70,63,91,6,62,5,5,6,4,8,9,36,0,4,0,1,0,1,1
0,83,57,48,3,93,5,1,9,4,10,3,62,7,8,0,6,0,0,0
1,53,40,25,6,55,9,7,9,5,2,6,60,2,6,0,5,0,1,0
8,74,68,35,5,77,9,0,3,5,8,6,84,4,2,0,10,0,1,1
2,64,76,39,4,69,4,3,7,0,1,2,91,6,5,0,7,1,0,1
0,53,48,99,3,46,8,0,5,4,2,10,37,2,4,0,7,1,1,1
4,94,44,90,5,69,9,7,10,2,8,8,32,9,10,0,3,1,0,1
6,61,57,97,3,36,6,0,11,7,7,5,74,5,4,1,7,1,1,1
5,81,53,62,7,86,7,1,3,1,5,8,44,4,8,1,9,0,1,1
11,81,38,45,6,37,6,3,9,5,10,8,43,6,5,0,8,0,1,1
0,77,76,97,7,85,5,6,2,5,2,3,0,9,3,1,3,1,1,1
4,62,62,90,4,60,6,0,7,5,9,5,52,2,10,1,10,0,0,0
4,80,91,52,7,88,3,1,11,0,5,7,46,1,4,1,5,0,0,1
5,63,48,45,3,87,7,2,2,4,8,5,32,3,1,1,8,0,0,1
2,69,96,64,7,41,6,1,3,2,4,6,66,2,6,1,2,1,0,1
4,67,69,82,3,77,3,4,4,1,9,2,89,3,10,0,7,1,0,0
6,78,76,86,4,60,4,7,10,1,10,8,14,6,4,0,10,1,0,1
4,55,94,71,7,92,6,5,6,4,7,5,13,4,6,0,10,1,1,0
4,81,58,87,6,68,7,7,11,2,2,6,22,3,2,0,7,1,1,1
4,78,79,45,6,49,3,7,11,0,3,1,53,5,5,0,8,1,1,0
9,92,42,94,6,77,6,1,3,5,2,10,7,6,9,0,1,1,0,1
9,51,30,21,7,83,4,1,11,5,5,2,53,4,8,1,8,0,1,0
2,72,63,33,7,58,6,1,6,7,2,4,35,6,3,0,1,1,0,0
0,68,77,49,7,77,3,7,6,7,5,9,83,2,1,1,3,0,0,0
4,80,77,68,3,85,6,6,2,7,9,6,51,6,10,0,9,0,1,1
13,54,78,31,4,46,7,0,4,6,2,8,5,2,3,1,4,1,1,1
8,68,93,63,6,38,5,6,6,4,9,2,96,5,8,1,10,0,0,1
13,83,90,52,3,63,3,3,10,1,7,10,27,7,3,0,9,0,0,1
0,59,58,32,6,74,3,1,11,5,7,5,49,5,5,0,1,1,0,0
2,74,68,97,3,38,3,1,2,6,5,1,37,9,2,0,8,0,1,1
12,51,55,45,7,36,3,4,9,1,8,4,29,2,1,0,3,1,0,0
12,60,46,40,6,45,6,4,2,1,7,10,80,4,10,1,7,0,0,1
3,99,42,47,7,48,7,2,10,4,6,1,72,8,5,0,2,0,1,1
13,80,98,67,6,35,4,2,7,3,2,9,91,7,5,0,7,0,0,1
0,64,55,59,5,40,7,4,2,7,6,2,53,5,6,1,7,0,1,0
0,58,78,85,3,90,3,3,9,6,2,7,70,8,2,1,9,1,0,0
7,72,96,92,5,71,8,2,6,3,1,3,45,1,9,0,2,1,1,1
1,68,36,98,3,42,6,5,8,3,9,2,27,8,2,0,8,1,0,0
11,58,87,96,4,41,8,5,8,6,5,4,16,9,2,1,5,0,1,1
7,84,78,42,6,49,6,3,8,2,10,7,47,9,5,0,10,0,0,1
6,70,82,67,4,79,3,4,7,7,10,7,43,5,9,1,9,0,0,0
9,58,94,21,4,65,6,2,9,4,4,9,59,8,4,1,8,0,1,1
9,77,91,39,3,98,3,1,10,6,8,3,59,3,6,0,3,1,1,1
1,95,46,78,5,66,7,4,3,1,5,7,4,4,2,1,3,0,0,1
5,56,72,65,7,41,9,2,8,6,7,6,68,1,4,0,10,1,0,1
5,65,54,22,3,69,5,3,3,5,3,10,77,2,9,0,8,0,0,1
2,65,32,74,7,83,6,5,7,6,8,7,69,0,2,0,9,0,0,0
10,82,58,31,4,31,3,7,3,2,8,7,6,3,1,1,2,1,0,0
1,53,61,59,7,79,8,3,11,7,3,10,52,1,4,0,3,1,0,0
11,53,55,85,5,70,3,7,7,7,9,5,16,1,4,0,8,1,0,0
0,88,45,97,3,74,8,2,3,3,8,9,58,0,1,1,2,1,1,1
5,89,54,35,5,38,6,3,2,0,1,7,8,9,4,0,8,0,0,1
11,66,83,53,5,91,4,2,8,7,8,7,94,1,3,0,5,1,1,1
4,86,57,63,3,76,8,2,4,7,4,3,21,3,2,0,6,1,0,1
13,88,85,25,5,34,3,7,5,2,6,1,44,5,10,1,10,0,0,0
13,78,94,96,6,30,6,3,7,2,10,5,72,6,4,1,4,0,1,1
10,85,70,83,6,73,3,0,6,4,9,8,58,6,8,0,3,0,0,1
8,87,80,41,6,51,4,1,5,5,5,5,79,6,7,0,8,0,1,1
0,88,58,37,7,67,5,4,10,2,7,10,99,3,9,0,9,1,0,0
6,99,48,31,5,48,9,5,7,6,1,3,97,4,8,1,8,1,0,1
4,86,95,71,3,60,9,1,7,5,9,9,12,2,1,0,9,0,0,1
4,84,70,70,3,96,4,4,3,4,6,2,82,0,2,0,1,1,0,1
13,56,74,90,7,71,7,4,7,6,4,3,11,7,2,0,5,1,1,1
1,76,44,67,3,55,6,5,8,7,6,4,35,9,8,1,7,0,1,0
10,77,32,38,6,42,4,1,9,0,5,10,9,6,4,1,8,1,1,1
2,71,40,25,5,87,5,5,9,1,3,1,15,8,9,1,2,1,0,0
6,63,82,46,3,47,3,2,10,1,7,4,91,9,2,1,4,0,1,1
5,56,75,72,3,96,6,5,11,3,3,4,18,3,4,1,7,1,0,1
11,86,59,67,4,32,8,7,4,7,2,9,5,4,1,0,5,1,1,1
1,71,86,26,4,84,4,7,11,3,4,8,3,4,3,0,1,0,0,0
5,54,47,78,4,87,5,3,8,0,7,2,29,6,6,0,2,1,1,0
1,51,80,88,5,92,4,0,8,1,5,7,94,8,9,0,5,0,1,1
1,76,77,30,6,81,7,0,2,3,9,6,45,7,1,1,6,0,1,1
1,70,95,34,6,53,9,0,9,7,10,7,26,6,5,1,1,0,1,1
13,87,37,83,6,38,9,1,5,5,7,4,44,0,2,0,3,0,0,1
10,64,51,22,5,66,6,7,6,2,9,5,84,9,7,1,6,0,1,0
2,70,35,88,5,82,3,1,7,4,9,6,36,5,4,0,6,0,1,0
1,59,86,42,4,53,5,2,4,6,2,9,8,9,5,1,7,1,1,1
3,72,65,72,3,50,4,6,6,3,1,2,60,8,8,0,10,0,1,1
8,88,86,56,7,69,6,0,11,0,4,9,34,6,2,0,3,1,0,1
5,54,78,28,7,91,4,2,6,6,4,10,46,0,3,0,1,0,0,1
0,50,74,34,3,99,6,7,2,1,2,1,20,8,5,1,7,0,0,0
7,62,95,22,4,98,9,6,4,7,3,4,16,2,10,0,3,0,1,1
11,70,74,89,3,43,7,0,4,0,3,5,54,8,4,0,5,1,1,1
13,75,49,36,3,71,4,1,2,4,5,9,87,3,5,1,4,1,0,1
6,99,93,45,7,79,7,6,8,4,1,6,94,8,3,0,1,0,0,1
9,94,96,40,4,90,8,3,2,0,9,4,5,7,9,1,7,1,0,1
2,70,32,91,5,33,8,3,8,3,8,2,34,6,8,1,4,0,0,0
0,67,83,40,7,46,9,3,5,3,8,5,49,3,6,1,1,0,0,0
4,86,93,30,5,86,5,5,10,1,3,8,36,8,1,0,6,1,1,1
12,94,69,57,4,77,7,3,8,5,2,8,12,3,4,1,4,0,1,1
3,81,88,91,3,73,6,4,6,1,1,6,24,0,7,1,4,0,0,1
9,85,84,54,6,74,5,0,8,2,6,1,95,5,10,1,2,1,1,1
7,66,91,33,6,62,4,3,10,5,10,8,0,3,5,0,1,0,1,0
0,84,33,33,4,60,4,6,11,7,1,4,48,9,4,1,3,0,0,0
9,98,89,29,6,76,6,7,7,6,5,2,34,2,9,0,10,1,0,0
0,60,59,31,5,35,3,4,2,7,9,1,82,4,8,1,5,1,0,0
11,70,31,57,6,63,3,4,7,2,9,7,52,2,3,1,9,0,0,0
3,75,91,53,4,82,4,4,2,1,4,2,51,8,6,0,7,0,1,1
7,53,78,60,4,43,9,2,5,5,7,4,53,5,4,0,4,1,1,1
4,83,38,29,5,45,9,6,9,5,7,4,75,2,7,0,8,1,1,0
1,97,60,36,6,72,6,2,6,2,4,10,46,4,1,1,4,0,1,1
5,67,90,36,6,41,3,4,6,7,5,1,42,7,1,1,6,1,0,0
4,89,77,86,3,99,7,5,11,0,9,2,19,7,6,0,1,1,1,1
1,84,54,81,7,48,4,3,9,3,7,1,32,5,10,0,6,1,0,0
12,90,65,20,4,70,8,7,9,5,7,6,92,4,7,0,10,0,1,1
13,78,37,31,3,82,7,0,2,6,10,3,15,4,9,0,5,0,1,1
10,78,87,23,4,58,6,6,6,6,7,1,77,0,7,0,2,0,0,0
10,87,74,61,3,99,8,5,6,5,9,8,6,1,9,1,1,0,0,0
10,91,91,32,7,88,7,1,9,2,5,4,69,3,10,1,6,0,0,1
2,70,68,23,3,93,3,2,2,5,6,10,20,5,9,0,2,1,1,1
8,91,87,88,4,53,9,3,8,7,3,7,35,6,8,0,9,1,0,1
6,62,93,38,6,45,3,3,8,2,1,10,85,0,7,1,9,1,1,1
6,98,73,21,4,81,8,1,10,0,2,2,53,7,3,0,1,0,1,1
10,90,58,31,5,35,5,1,3,6,8,6,18,0,3,0,5,0,0,1
5,66,88,93,5,66,9,6,4,5,1,6,24,8,5,0,8,1,1,1
7,58,38,25,5,33,4,3,5,4,10,7,66,3,7,0,4,1,0,0
3,90,35,27,5,67,8,1,2,1,7,1,99,6,10,1,3,1,0,0
7,50,58,70,7,70,6,3,8,6,5,1,52,5,7,0,5,1,1,0
3,51,87,30,6,43,4,5,11,0,6,2,97,8,1,1,5,0,1,1
7,97,46,82,6,80,7,6,4,4,8,2,74,1,8,1,8,0,1,0
8,78,45,76,4,94,9,7,4,6,4,5,47,6,1,1,6,1,0,1
2,82,32,31,3,81,6,1,4,0,6,1,41,4,4,1,2,0,0,0
2,59,50,92,4,59,6,5,9,3,3,2,46,6,2,0,1,0,0,0
10,99,93,21,4,86,3,5,10,0,7,6,90,0,5,1,3,0,1,1
12,89,65,27,4,59,7,1,11,0,2,3,41,9,6,0,2,0,0,1
1,70,91,30,4,71,3,6,3,3,8,4,1,8,4,0,4,1,1,0
12,77,71,72,6,40,3,3,11,5,7,1,5,0,4,1,3,1,0,0
9,60,71,29,3,56,9,7,11,1,8,5,45,4,7,0,9,0,0,1
2,83,90,27,4,53,5,4,2,7,2,4,65,7,4,0,5,1,1,1
2,57,42,55,6,68,3,3,10,4,3,8,80,0,2,1,4,0,1,0
4,71,40,95,4,47,4,0,7,6,4,3,39,6,4,1,10,1,1,1
4,57,83,33,5,74,6,1,10,7,9,10,57,1,7,1,9,1,0,0
1,98,45,73,4,41,9,2,7,2,5,1,77,6,1,0,4,1,1,1
11,64,37,40,4,78,3,6,3,1,6,10,73,6,4,0,6,1,1,1
9,66,88,69,7,60,8,1,2,7,1,5,32,8,6,1,10,1,1,1
12,72,86,58,5,51,4,0,9,6,4,1,61,5,8,1,1,1,1,1
5,73,69,39,3,73,7,5,4,0,4,5,11,3,8,0,2,1,0,1
4,94,88,26,4,93,6,2,2,7,10,9,95,6,9,0,4,0,0,1
5,68,31,28,3,54,9,2,9,2,8,5,48,6,5,1,9,1,1,1
0,54,39,20,5,80,8,3,2,3,8,2,87,3,2,0,6,0,1,0
4,81,73,45,4,36,9,4,9,7,10,2,77,1,3,0,6,1,0,0
8,93,40,57,7,35,9,3,2,1,6,10,4,8,2,1,9,1,1,1
11,50,31,57,6,53,8,6,10,5,8,9,50,7,9,1,4,1,1,1
9,72,79,80,7,48,7,2,10,4,9,5,68,4,6,0,3,0,1,1
13,86,41,63,7,38,8,7,10,1,5,8,31,4,1,0,7,0,0,1
1,57,52,63,6,65,4,7,4,1,1,10,48,0,3,0,7,0,0,0
0,62,47,93,6,69,9,2,5,5,1,4,96,8,7,0,9,0,0,1
13,57,91,81,6,53,7,7,6,2,2,2,59,9,7,1,6,0,1,1
9,72,91,25,4,77,9,7,7,3,2,4,45,7,5,0,2,1,1,1
12,92,67,36,3,92,8,4,10,5,5,4,67,4,3,1,6,0,1,1
10,50,96,70,3,98,7,6,5,6,7,9,93,9,7,0,8,0,0,1
8,94,67,57,6,82,7,1,7,3,7,10,40,5,5,1,6,0,0,1
9,73,96,43,7,83,3,4,2,5,4,6,80,9,6,0,9,1,1,1
8,84,90,70,5,71,3,5,3,1,4,10,66,9,3,0,4,1,1,1
8,73,30,29,6,74,3,3,9,3,10,6,12,7,6,1,3,1,1,0
5,66,74,91,7,43,8,7,5,2,3,5,99,5,7,0,5,0,1,1
7,54,57,40,7,58,6,1,11,2,2,6,17,9,8,1,3,1,1,1
13,69,50,89,4,35,4,3,8,4,3,1,86,3,2,1,2,0,0,1
10,70,42,76,4,36,8,7,5,3,8,5,98,2,2,1,2,1,0,1
12,89,56,58,3,66,9,4,10,4,1,6,96,6,6,0,4,1,0,1
0,80,36,52,3,82,3,1,10,6,4,8,50,1,8,0,3,1,0,0
9,95,51,78,5,47,7,4,5,5,7,4,35,6,5,0,9,1,1,1
3,85,82,37,5,67,8,5,9,0,5,5,80,0,1,1,7,1,0,1
0,60,33,75,5,88,7,0,7,6,2,4,33,9,1,0,6,0,0,0
7,64,52,76,5,30,9,2,2,2,1,7,11,4,10,0,10,0,1,1
0,68,99,95,7,97,7,6,8,1,6,10,4,8,9,1,8,1,0,1
2,56,62,67,7,73,7,1,2,7,5,6,47,0,4,1,9,0,1,0
12,77,57,61,3,76,5,2,4,2,3,4,90,7,10,1,3,1,0,1
3,92,37,46,4,64,6,0,9,0,9,6,39,8,1,1,10,1,1,1
7,54,30,93,4,89,4,1,10,1,3,4,12,8,8,0,7,1,1,0
5,54,66,71,6,81,4,2,4,3,2,8,25,7,2,1,9,1,1,1
13,79,92,61,7,37,3,2,2,7,5,3,13,3,2,1,1,1,0,1
9,81,51,51,5,70,5,1,2,3,9,8,95,6,1,0,10,1,0,1
11,57,99,45,5,32,8,2,8,6,8,2,10,0,1,0,9,1,1,1
6,59,50,44,6,98,8,2,6,7,6,6,37,6,9,1,7,0,0,1
13,87,64,94,4,43,4,1,2,2,3,8,79,5,1,0,10,0,1,1
7,96,34,42,5,55,6,6,7,1,6,1,56,4,6,0,4,1,1,1
1,81,89,76,4,99,7,2,7,5,5,6,21,0,7,1,6,0,1,1
12,97,75,71,6,87,9,2,5,7,1,9,15,7,4,0,6,1,1,1
9,77,79,50,4,69,3,6,8,1,5,10,76,9,5,1,6,0,1,1
13,66,77,83,4,80,6,3,8,4,7,10,75,0,4,0,2,0,1,1
10,80,35,90,4,34,4,5,10,0,9,2,81,0,4,0,5,1,1,1
7,57,85,52,5,61,5,3,2,6,1,1,28,2,10,0,7,1,0,0
2,89,88,21,3,30,3,7,6,3,3,2,81,7,1,0,6,0,0,1
6,74,58,37,7,83,4,0,11,2,8,5,1,7,6,1,3,1,0,0
2,58,47,66,4,40,8,3,4,1,6,6,53,6,10,1,5,0,0,0
6,51,31,52,4,82,3,3,8,3,5,1,1,4,10,0,8,1,0,0
13,64,37,54,4,37,4,0,5,2,10,7,2,7,7,0,5,0,0,0
10,99,83,70,3,54,8,2,5,7,2,4,92,1,7,0,10,0,1,1
11,52,67,37,6,69,9,2,2,3,3,9,55,7,8,1,3,0,0,1
12,98,77,91,5,61,8,3,2,2,2,6,71,1,7,0,9,1,1,1
1,85,56,49,3,57,7,0,11,3,1,9,10,9,6,1,3,0,0,1
9,53,49,63,4,32,5,2,3,5,7,1,75,4,8,0,2,1,1,0
5,63,41,72,3,91,7,4,3,4,3,4,31,3,3,1,6,1,0,1
2,90,72,29,3,56,4,1,2,0,7,2,3,0,9,1,8,1,0,0
2,90,90,71,3,74,9,1,9,3,7,6,8,4,3,0,6,1,0,1
8,74,60,68,6,54,6,5,7,0,8,4,87,6,4,1,1,1,0,1
6,99,90,30,7,90,9,1,7,3,1,9,55,0,10,0,8,0,0,1
4,59,96,85,5,73,9,3,11,6,5,3,15,1,6,1,1,1,1,0
11,70,64,77,6,75,9,1,11,1,10,1,80,8,8,1,9,1,1,1
9,85,44,55,6,43,7,1,10,4,9,1,85,4,3,0,8,0,0,1
6,61,45,52,7,37,6,4,6,6,7,9,70,6,10,1,6,0,1,0
8,76,42,66,6,77,8,2,5,5,1,9,9,1,6,0,2,1,1,1
0,89,64,32,3,43,4,4,7,4,8,5,92,6,5,1,9,1,1,0
6,51,88,59,3,94,5,3,9,0,3,2,35,6,5,0,8,1,1,1
5,62,50,87,4,36,6,1,2,1,4,9,23,6,5,1,4,0,0,1
9,81,83,61,6,78,4,6,8,2,4,8,63,4,9,1,2,1,0,1
13,80,59,38,4,84,6,2,9,6,10,10,55,8,7,0,6,1,1,1
11,65,77,38,5,42,7,5,10,4,8,10,77,1,9,1,1,0,0,0
8,81,64,77,3,85,4,5,9,5,1,6,77,3,9,0,7,0,0,1
0,81,67,42,5,85,7,7,8,6,8,7,88,1,6,0,1,0,0,0
12,83,60,73,7,44,3,7,4,1,9,6,21,7,6,1,6,1,0,1
3,60,53,99,3,86,4,1,3,1,9,5,51,0,4,0,5,1,1,1
8,59,78,84,5,87,6,1,4,0,5,4,49,8,8,0,10,1,1,1
3,64,61,31,7,64,3,5,5,5,4,7,46,4,2,0,3,0,1,0
9,66,84,43,5,45,7,5,5,1,4,4,22,2,5,0,6,0,0,1
2,89,87,53,7,37,7,6,7,7,9,10,95,3,1,0,4,1,1,1
8,67,32,72,7,74,6,3,8,1,8,10,89,0,10,0,6,0,1,1
12,58,98,27,3,69,3,1,5,2,10,10,90,2,2,1,4,0,1,1
1,74,39,37,4,83,9,5,11,0,10,9,75,7,1,0,1,0,1,1
3,89,54,76,7,43,8,6,7,0,7,5,82,1,6,0,5,0,0,0
5,63,97,24,7,88,5,0,10,5,3,8,18,1,2,1,8,1,1,1
1,74,90,45,3,82,6,5,7,1,4,6,51,8,4,0,6,1,0,1
7,99,58,49,4,56,7,2,4,2,9,4,33,4,5,0,10,0,0,1
7,71,48,73,6,76,4,2,2,3,8,3,95,4,7,0,9,0,1,1
0,79,72,32,6,35,3,0,11,4,1,6,28,0,10,1,4,0,0,0
11,69,95,48,4,84,8,7,11,7,3,1,60,5,1,1,10,0,0,1
2,70,90,22,5,73,5,3,6,6,10,2,84,7,5,0,9,0,1,0
9,93,72,77,3,47,4,7,11,0,2,7,34,5,4,0,8,1,1,1
8,81,54,95,4,45,3,1,11,2,2,4,4,6,7,1,3,0,1,1
4,95,49,21,6,41,8,7,4,5,8,5,75,3,10,0,6,1,1,0
5,98,77,94,7,49,6,1,9,2,6,10,6,1,7,1,4,1,1,1
3,70,53,47,6,74,8,5,11,1,6,1,40,0,8,0,1,0,0,0
9,84,40,96,7,93,6,2,2,7,4,2,1,5,4,0,9,1,1,1
1,81,84,95,3,88,9,3,3,4,1,4,88,8,4,1,4,0,0,1
10,79,57,21,7,51,3,3,4,0,7,8,9,9,10,0,5,0,0,1
7,88,98,26,4,76,8,3,4,3,8,10,43,4,5,1,3,0,1,1
10,98,92,45,7,58,5,5,9,1,2,4,69,1,5,1,4,1,0,1
12,61,88,95,5,74,8,1,6,0,2,3,90,0,3,0,9,1,0,1
5,90,34,35,4,38,3,3,9,6,1,3,34,2,5,0,7,1,1,1
4,96,80,42,3,53,4,5,7,5,4,5,61,3,5,1,8,0,1,1
8,67,50,59,4,44,4,5,3,0,6,3,73,6,8,1,3,1,0,1
0,70,41,79,5,65,8,0,5,2,5,8,72,8,7,0,3,1,0,1
4,62,79,92,3,42,8,4,10,6,4,5,19,7,8,0,7,1,0,0
5,70,33,51,6,73,6,7,5,4,4,7,34,8,5,0,8,0,0,0
4,57,71,34,5,65,3,3,6,7,10,8,36,6,2,0,5,1,0,0
5,95,67,32,3,90,6,4,6,3,7,5,71,9,8,1,1,0,1,1
5,89,54,24,7,69,5,1,11,4,7,8,53,7,9,1,3,1,1,1
6,95,43,94,4,56,9,5,9,2,2,3,94,7,2,0,5,1,1,1
3,56,61,93,3,30,4,6,7,3,7,7,79,0,1,1,3,1,1,0
13,72,40,71,4,63,7,7,11,3,2,8,27,8,6,0,1,0,0,1
10,93,90,96,7,97,7,7,8,7,4,7,69,1,3,1,7,0,1,1
13,81,47,60,3,50,3,3,7,1,1,2,31,6,1,1,1,1,1,1
13,60,56,72,6,62,3,6,6,3,5,8,91,9,6,0,10,1,0,1
13,71,84,69,5,36,7,2,6,0,1,6,10,9,8,0,6,0,0,1
7,71,83,34,3,94,3,1,4,4,4,10,41,4,9,0,6,0,0,1
6,92,50,26,7,32,4,0,8,5,9,3,22,3,6,0,7,1,1,1
8,74,73,59,3,80,5,0,11,5,8,4,29,0,6,1,1,1,1,1
6,71,34,47,4,83,5,4,6,4,6,7,8,0,1,1,3,0,0,0
2,77,70,51,3,88,6,5,8,1,8,3,91,2,5,0,9,1,0,1
2,78,88,34,6,35,4,4,3,3,5,1,87,0,3,1,2,0,1,0
7,62,83,89,3,58,9,2,10,2,7,6,58,7,7,1,5,1,0,1
4,67,51,84,5,46,3,2,9,6,8,3,27,2,9,0,3,1,0,0
3,51,94,23,3,89,3,7,6,6,7,10,87,9,6,0,5,1,0,1
7,78,93,30,4,51,9,0,3,0,4,6,78,1,5,0,7,1,1,1
5,70,33,45,3,53,6,6,7,1,5,10,32,5,7,1,1,0,1,1
1,64,94,80,6,80,6,3,9,6,10,3,46,3,9,0,3,1,1,0
3,76,44,56,7,79,3,0,8,7,6,6,97,3,5,0,6,1,0,0
11,99,51,42,3,40,3,0,9,7,6,4,21,1,5,1,7,1,0,1
10,80,76,59,3,85,9,6,5,3,9,4,28,1,10,1,10,1,1,1
3,64,75,96,5,71,4,7,4,5,10,10,33,5,4,1,3,1,0,0
5,72,43,42,6,68,9,7,8,2,2,10,41,4,5,1,4,1,0,1
5,73,79,35,7,98,6,6,3,3,6,2,51,8,7,0,6,0,1,1
0,93,49,80,4,77,9,2,6,1,3,4,46,3,3,1,5,1,0,1
13,62,79,87,3,86,9,6,8,7,2,4,73,4,4,0,9,0,0,1
7,71,62,99,7,50,9,4,2,2,6,7,50,0,9,0,1,0,0,1
5,92,88,50,4,49,4,2,5,6,4,5,44,1,2,1,5,0,0,1
2,86,72,72,6,44,8,6,3,2,5,8,93,2,8,0,1,0,1,1
13,82,41,44,6,98,3,5,7,2,5,7,74,4,9,0,8,1,0,1
8,52,69,63,7,80,7,2,2,2,3,10,33,4,5,1,7,1,1,1
1,68,49,31,4,91,9,2,8,7,4,9,20,3,7,1,5,1,1,0
10,72,67,28,6,66,7,0,4,6,3,8,12,9,6,1,6,0,1,1
7,78,32,31,7,35,8,3,2,3,7,9,53,2,1,0,4,1,1,1
9,79,57,88,6,55,3,0,9,2,1,1,24,8,8,0,9,0,0,0
2,88,85,73,6,37,6,1,8,3,6,10,20,0,9,1,3,0,0,0
12,93,42,73,6,33,7,2,3,2,4,3,0,5,10,1,2,1,1,1
11,96,95,47,5,50,6,6,8,7,1,5,57,6,1,1,7,0,1,1
4,74,66,75,4,60,7,6,4,2,1,9,68,9,8,1,2,0,1,1
5,86,78,88,7,50,6,6,10,1,5,8,85,3,3,1,6,0,1,1
9,96,95,96,7,54,9,2,9,3,5,10,70,9,6,1,8,0,0,1
5,57,65,77,4,44,7,6,6,5,10,7,12,2,10,1,3,1,1,0
3,91,83,97,4,64,6,1,8,7,7,2,51,7,8,0,3,0,1,1
2,65,55,94,4,78,8,2,4,3,4,6,22,8,5,1,3,0,0,1
3,57,69,61,4,72,4,6,2,7,9,4,20,0,8,1,1,0,1,0
0,50,72,57,3,70,6,2,2,4,4,5,5,9,7,1,9,1,0,1
3,93,51,87,7,66,4,5,3,6,7,5,19,8,7,1,5,1,0,1
0,54,49,72,3,86,4,2,9,5,5,4,75,6,7,0,9,0,0,0
11,52,37,52,6,71,3,1,2,1,5,4,39,0,9,1,5,1,1,1
0,50,58,90,6,76,9,0,6,3,6,4,8,6,6,0,7,1,0,1
9,53,69,75,7,90,8,2,10,1,8,2,49,4,6,0,1,1,0,1
13,89,59,91,6,43,4,3,10,5,5,1,27,9,9,0,9,1,1,1
5,84,84,70,4,97,5,1,3,1,3,2,10,6,6,1,1,0,1,1
4,81,45,93,3,82,9,4,8,1,6,7,95,8,7,1,4,0,1,1
13,91,75,62,4,63,4,5,2,0,2,1,74,7,7,0,7,1,1,1
10,83,91,34,6,53,6,1,4,3,8,6,87,5,2,0,9,1,0,1
3,92,36,57,3,49,4,0,7,1,8,4,55,1,8,1,1,1,1,1
12,74,74,34,4,98,6,6,10,0,3,2,78,7,6,0,6,1,0,1
10,59,88,24,7,59,6,6,11,0,8,3,34,3,4,0,10,1,0,1
2,70,85,73,4,36,5,1,3,7,9,7,80,7,7,1,5,1,1,1
0,95,77,70,6,65,4,4,8,2,5,6,24,6,8,1,3,1,1,1
5,88,56,29,3,67,4,6,5,2,5,6,98,3,1,0,10,0,1,1
1,76,82,31,7,81,7,5,3,6,6,8,18,7,10,0,2,0,1,0
7,76,64,23,3,44,9,3,4,5,7,8,30,1,4,1,1,1,0,1
9,51,80,37,7,75,7,4,7,3,3,6,80,8,4,1,2,1,1,1
4,90,66,99,3,52,3,7,11,2,5,1,49,5,10,1,4,0,0,0
6,97,86,55,6,41,6,7,10,5,1,10,86,6,9,0,6,0,0,1
9,62,37,44,7,73,5,1,9,3,10,7,62,9,6,1,5,1,1,0
11,58,49,95,5,44,7,4,11,5,5,8,46,0,4,0,4,0,1,0
1,85,82,55,3,78,4,6,10,6,4,5,0,2,1,0,8,0,1,1
12,71,41,86,3,50,3,6,5,6,1,4,57,9,8,1,7,1,0,1
7,91,78,28,4,44,5,1,5,0,7,7,9,4,9,1,4,0,0,1
1,75,46,80,7,43,8,6,10,0,1,6,7,6,5,1,10,1,0,1
3,61,93,72,5,71,4,6,9,3,8,6,25,0,5,1,5,0,1,0
0,66,71,37,6,44,4,3,3,5,10,3,33,8,10,0,10,1,1,0
4,63,58,62,4,92,8,3,9,5,2,10,18,4,8,0,5,0,1,1
8,63,48,54,5,97,6,0,2,2,10,4,77,2,8,0,3,0,1,0
0,83,40,82,7,56,6,3,10,2,5,5,71,6,5,0,9,1,1,1
8,69,79,97,5,82,7,2,10,3,6,9,0,9,4,1,5,0,1,1
10,60,87,23,3,81,7,4,9,4,9,8,47,7,6,0,10,0,1,1
7,65,63,60,3,92,4,4,6,2,7,3,24,9,10,1,2,1,0,0
5,80,49,64,4,82,9,1,6,1,6,6,23,9,5,1,4,0,0,1
6,55,79,69,7,86,4,3,4,2,5,10,46,2,8,0,4,0,0,0
2,68,39,98,7,81,7,0,6,4,6,1,83,6,9,0,5,1,0,1
13,86,61,47,5,72,8,6,5,5,4,3,93,6,1,0,8,1,1,1
0,53,81,61,4,36,7,0,2,0,1,10,68,3,9,0,5,1,1,1
4,96,44,99,7,71,4,0,10,7,9,7,66,9,9,0,1,1,1,1
13,53,32,95,3,33,5,5,11,7,5,7,31,8,6,1,2,1,0,0
11,69,66,88,5,98,4,6,5,0,8,2,16,0,10,1,3,1,1,0
11,59,69,20,6,34,5,2,4,5,7,3,60,0,5,0,3,1,0,0
1,73,69,58,3,70,5,3,7,0,8,7,68,4,7,0,10,1,0,1
13,84,85,36,4,33,4,6,2,2,1,6,10,2,8,0,6,0,0,0
4,75,52,54,7,31,9,0,6,6,9,7,37,9,9,0,9,0,1,0
7,86,40,65,3,96,9,6,8,0,1,10,67,8,9,0,10,1,1,1
10,87,93,61,6,50,3,2,3,6,3,9,18,4,10,0,1,0,0,1
8,70,37,58,6,99,7,4,11,4,8,8,86,6,3,1,6,1,0,1
1,89,85,68,4,72,9,1,10,6,1,6,16,0,8,1,9,0,1,1
11,88,89,81,3,98,6,3,7,4,1,4,12,1,1,0,4,0,0,1
2,70,39,57,5,38,4,3,3,2,6,10,90,3,7,0,10,1,1,0
2,59,68,42,3,57,5,5,9,5,5,9,0,8,5,1,3,0,0,0
0,87,57,41,6,55,4,4,9,1,6,7,1,4,2,0,6,0,1,0
7,95,78,23,4,32,7,3,2,2,3,5,81,4,2,0,6,0,0,1
5,53,65,68,4,78,8,5,2,0,10,2,99,8,8,0,2,1,1,0
11,94,42,78,5,46,9,5,2,2,10,9,96,7,5,1,5,0,0,1
12,69,65,92,4,92,9,5,5,7,6,7,99,1,3,0,1,0,1,1
7,66,55,87,4,84,9,7,5,7,2,9,65,6,1,1,9,1,0,1
10,56,33,90,4,52,5,3,9,4,8,9,67,0,7,0,9,0,1,0
8,53,93,21,4,63,6,3,2,2,6,10,15,9,3,0,3,0,0,1
4,78,67,68,4,98,6,3,11,2,4,5,3,8,7,1,5,0,0,1
13,63,51,50,6,44,9,2,4,1,4,7,56,2,2,0,3,0,0,1
11,52,31,59,3,76,6,5,2,4,7,5,72,1,4,1,7,1,0,1
13,73,60,67,7,32,8,2,10,3,3,3,84,3,2,1,1,1,0,1
2,86,40,70,4,57,9,1,11,3,3,10,22,3,4,0,5,1,0,1
4,65,75,62,7,32,3,3,10,4,6,8,1,2,5,1,6,0,1,0
4,53,91,74,7,33,5,7,8,3,9,8,66,1,8,1,7,1,1,0
4,73,98,68,6,60,8,6,9,0,1,9,86,4,2,0,3,0,0,1
2,83,93,99,4,74,5,4,2,3,5,6,25,3,10,0,7,0,1,1
10,79,39,76,7,88,9,7,6,7,1,2,6,4,3,0,4,1,0,1
13,67,69,96,4,74,8,0,3,0,1,3,99,7,10,1,10,1,0,1
9,68,53,34,5,66,9,1,2,4,3,10,43,1,5,0,6,1,1,1
13,80,73,46,5,94,8,6,4,3,3,6,32,8,9,0,5,0,0,1
3,68,89,87,5,38,9,0,8,3,4,1,63,9,10,0,4,0,0,1
8,98,91,99,7,46,3,0,2,5,3,2,35,0,5,0,6,0,1,1
12,95,46,83,5,94,5,3,3,6,6,8,3,7,9,1,3,0,0,1
9,68,94,49,6,32,8,4,3,0,4,8,22,4,4,0,3,1,0,1
8,71,86,55,6,55,3,0,5,0,8,6,24,1,10,0,5,1,1,1
1,73,84,86,7,82,4,5,4,2,1,3,89,7,5,0,5,0,1,1
7,94,82,68,4,60,9,6,4,1,8,2,91,4,9,0,9,0,0,1
7,61,85,95,3,55,7,7,11,7,1,6,91,9,4,0,4,1,0,1
6,79,38,74,4,52,8,7,6,3,1,1,84,9,5,1,5,1,0,1
7,87,51,75,4,59,6,0,4,5,7,10,73,2,5,0,9,0,0,1
13,80,42,87,4,39,3,1,8,1,1,6,26,6,4,0,4,1,0,1
2,85,77,63,4,93,3,4,6,6,9,9,50,3,4,1,3,0,0,0
12,68,47,50,3,51,8,4,5,6,8,7,78,9,5,0,7,0,0,1
5,97,69,77,5,44,3,7,4,7,1,9,80,5,6,1,7,0,1,1
0,94,46,72,4,85,4,0,5,5,2,2,98,9,7,1,8,0,0,1
6,85,44,98,6,49,3,4,3,1,2,5,68,7,6,1,4,1,0,1
0,79,44,42,7,76,7,1,2,7,2,9,79,0,1,1,4,1,1,1
8,98,92,47,7,82,7,7,4,7,6,7,22,1,2,0,9,0,0,1
0,82,68,35,6,82,9,6,3,7,4,9,8,7,7,0,10,0,0,1
0,67,42,56,4,30,9,1,2,7,8,6,32,6,3,1,7,0,1,0
6,98,61,40,3,31,6,1,2,3,1,7,34,9,10,1,3,0,0,1
1,77,38,98,5,87,4,5,3,6,10,10,49,8,2,1,9,0,1,1
13,96,69,36,7,48,7,3,10,7,4,5,23,1,6,1,5,1,1,1
4,60,49,56,5,91,8,0,6,5,10,6,87,7,4,1,4,0,1,1
7,94,92,96,3,41,5,6,10,0,5,1,23,5,5,0,1,1,1,1
7,82,73,38,7,55,5,7,9,2,9,1,18,0,6,1,9,0,1,0
2,66,67,49,5,56,5,4,7,5,5,2,38,3,3,0,6,0,1,0
6,55,89,64,3,58,9,1,2,4,3,4,60,1,1,1,2,0,1,1
2,53,77,37,5,44,8,7,11,6,4,9,24,6,3,1,7,0,0,0
5,69,47,97,4,75,3,0,6,7,10,7,94,8,3,0,3,1,1,1
5,97,45,81,3,30,8,6,2,6,7,6,24,5,6,1,6,1,1,1
2,96,84,55,5,89,3,6,8,7,1,1,26,3,4,0,8,1,0,1
6,76,68,71,4,86,5,0,11,3,6,5,31,4,7,0,3,0,0,1
2,64,97,38,4,32,6,3,9,3,8,4,10,0,2,1,5,1,1,0
7,55,88,63,3,47,6,5,9,4,1,5,68,3,4,1,6,0,1,1
9,96,91,26,6,81,3,4,8,6,8,9,32,9,8,0,1,0,1,1
3,63,42,63,7,89,5,5,3,7,7,3,18,2,6,0,10,1,1,0
12,60,35,87,3,63,8,6,6,1,1,4,15,8,10,1,7,0,0,1
0,88,89,53,4,89,6,4,5,2,9,8,98,5,3,0,4,0,0,1
3,58,43,85,4,55,3,6,6,1,3,3,10,3,10,1,10,1,1,0
13,75,83,88,3,48,8,1,11,4,2,3,74,2,2,1,7,1,0,1
6,65,33,74,6,51,5,1,10,4,7,9,73,3,3,1,7,0,0,0
10,54,68,29,7,62,4,0,5,2,3,5,97,7,1,0,5,1,0,1
3,59,54,61,5,67,5,4,9,4,1,10,68,4,1,1,8,1,0,1
12,99,61,60,3,64,9,4,9,4,10,1,86,0,2,0,8,1,1,1
5,52,88,96,7,96,5,6,3,6,3,7,54,4,3,0,5,0,0,1
8,62,92,88,7,39,8,5,7,5,6,7,24,7,9,1,5,0,0,1
0,92,67,29,4,44,8,1,6,7,3,6,92,3,8,0,7,1,1,1
12,98,82,29,5,40,7,2,3,6,5,6,76,1,9,0,6,0,0,1
4,79,96,79,3,53,7,0,11,2,9,3,95,2,7,0,4,0,1,1
10,94,57,70,4,33,8,7,5,3,7,3,33,8,7,0,2,1,1,1
6,55,32,40,4,42,8,4,8,1,2,10,11,6,5,0,8,1,0,1
0,66,51,27,6,86,4,3,2,3,1,9,87,2,7,1,3,1,0,0
13,94,67,84,7,66,4,3,10,3,7,1,20,4,4,1,2,0,1,1
3,68,91,97,3,77,5,2,11,5,4,7,28,2,5,0,10,0,0,0
5,91,86,49,3,30,9,1,2,1,7,10,50,9,1,1,7,0,1,1
1,84,35,68,3,89,6,1,6,3,6,7,22,3,4,1,10,0,1,1
9,95,61,28,4,41,9,1,8,7,7,8,32,7,3,1,6,1,0,1
4,75,39,36,6,50,4,5,9,2,4,6,7,2,2,0,8,1,1,1
10,54,32,88,5,40,5,6,3,1,3,8,41,2,2,0,6,1,1,1
9,78,88,77,4,73,9,3,5,0,5,1,76,7,8,1,7,1,0,1
0,86,78,76,5,87,3,1,3,5,3,1,68,9,1,1,2,1,0,1
5,69,88,81,6,73,7,3,5,7,3,9,40,9,8,1,10,0,1,1
5,98,60,71,7,63,9,2,7,3,4,4,73,6,9,0,2,1,0,1
12,70,98,80,3,54,6,0,7,7,8,3,62,6,6,0,6,0,1,1
3,59,91,59,5,33,5,6,3,7,2,6,13,9,1,1,9,0,0,1
12,54,81,57,4,93,9,5,5,4,4,10,87,1,10,0,3,1,1,1
7,85,70,62,5,45,8,4,5,1,3,9,61,6,7,0,10,0,0,1
3,55,60,82,7,39,3,2,2,0,7,10,74,9,5,0,8,0,0,1
7,75,51,38,3,95,7,6,3,4,2,4,45,9,9,1,5,1,0,1
12,53,33,69,5,64,3,3,4,7,1,9,66,2,7,0,6,0,0,1
7,88,42,52,7,35,5,2,6,0,10,5,92,6,5,0,6,1,0,0
4,88,74,32,4,48,4,4,9,7,1,7,52,3,2,1,10,1,1,1
12,99,71,97,6,88,7,6,7,3,6,3,51,7,4,1,3,0,1,1
3,84,78,81,4,82,3,5,4,7,3,3,93,7,2,1,5,0,0,1
11,50,49,62,3,37,4,7,7,4,7,3,6,5,9,0,1,1,1,0
12,73,83,68,4,39,6,0,8,3,8,8,80,2,2,0,2,0,0,1
1,85,65,55,4,96,5,4,7,4,5,6,83,5,2,0,10,1,1,1
10,55,30,29,4,67,5,6,11,1,5,9,53,5,2,0,3,1,1,1
2,90,44,25,4,58,7,5,7,7,2,9,10,2,1,0,4,1,1,1
2,95,46,76,3,44,3,3,2,6,8,8,24,3,9,0,9,1,0,0
3,93,53,20,7,52,6,4,4,2,10,1,58,1,8,1,1,1,0,0
3,80,87,90,5,75,8,7,8,6,1,6,87,0,2,0,3,1,1,1
9,69,52,77,6,57,7,2,5,2,10,4,65,1,2,0,3,0,1,1
10,73,75,40,5,55,8,1,5,6,9,4,26,6,5,1,6,1,1,1
10,74,37,99,5,39,7,2,8,0,1,3,82,9,4,1,5,0,1,1
4,85,88,75,6,76,3,3,10,5,1,9,57,4,2,0,3,0,0,1
3,70,88,39,3,33,6,6,3,4,1,2,92,8,8,0,4,0,0,1
10,79,42,73,6,84,3,7,10,3,7,1,10,2,8,1,7,1,1,0
13,73,68,44,3,95,5,0,4,5,4,10,54,1,4,0,3,1,0,1
9,93,57,47,5,96,8,4,7,1,7,3,18,3,4,1,9,0,1,1
7,91,90,24,3,36,4,6,5,1,5,4,91,1,9,1,8,1,0,1
5,79,45,40,7,84,9,0,2,1,7,4,38,6,4,0,2,0,1,1
5,71,31,37,6,60,5,3,10,2,10,6,84,9,10,1,5,1,0,0
7,77,46,66,7,48,5,4,7,3,7,1,89,5,9,0,4,1,1,0
6,56,59,89,5,57,8,5,9,1,4,1,85,7,3,1,5,1,0,1
9,84,42,76,6,57,7,5,3,1,2,2,69,4,2,1,3,0,1,1
13,77,42,38,5,48,5,6,8,6,8,4,10,1,8,1,10,0,0,0
10,63,72,84,7,49,9,2,7,0,2,7,13,3,3,0,1,0,1,1
11,59,50,22,5,42,6,6,3,4,9,6,59,0,2,0,8,1,1,0
9,65,84,61,6,72,5,2,3,4,5,9,35,1,8,0,9,1,0,1
12,65,69,40,6,40,6,7,5,7,9,7,40,3,8,0,8,0,0,0
7,80,44,59,5,77,3,3,5,4,9,5,1,5,5,0,4,0,0,0
13,91,81,86,6,44,7,5,4,5,8,6,56,3,9,0,2,0,1,1
1,74,82,44,6,46,6,7,9,6,8,10,59,3,6,1,4,1,1,0
8,62,81,74,5,83,5,4,8,6,4,9,19,9,5,1,9,0,1,1
0,55,59,71,7,79,7,5,3,0,4,1,21,9,3,0,10,1,0,1
7,93,62,63,6,57,9,2,4,2,2,9,3,1,7,0,9,1,1,1
11,58,86,75,6,33,7,6,11,5,4,6,55,8,9,0,5,0,0,1
10,94,81,74,6,51,6,3,10,0,4,4,92,9,4,1,5,1,1,1
11,85,38,89,6,68,6,5,6,1,6,5,57,7,7,0,10,1,1,1
11,92,83,96,5,63,4,7,3,3,3,1,87,7,3,0,3,1,1,1
3,69,30,92,7,73,4,3,4,5,2,7,64,4,2,0,6,1,0,1
3,67,73,85,7,71,7,7,9,5,8,8,87,2,1,1,7,0,1,1
4,92,38,38,3,69,8,5,5,1,2,5,57,5,6,1,10,1,1,1
7,70,61,26,6,41,8,6,3,1,8,2,29,8,5,1,9,0,0,1
4,53,44,82,6,31,4,0,3,3,7,8,75,7,2,1,7,1,1,1
7,99,41,61,3,57,5,6,7,4,3,10,18,6,3,0,3,0,0,1
9,82,86,61,7,96,3,5,9,5,6,7,61,7,9,0,7,1,1,1
0,76,37,78,4,39,7,2,8,0,6,10,67,3,3,0,1,0,1,1
11,56,56,39,4,86,3,6,5,2,10,9,78,5,7,1,2,1,0,1
9,55,91,92,7,66,4,4,3,1,5,4,83,4,1,0,4,0,1,1
8,64,41,36,6,93,6,2,10,1,8,9,43,1,7,1,7,0,0,1
5,67,94,46,4,69,9,2,5,2,5,4,83,7,9,0,9,0,0,1
2,81,71,66,5,89,7,2,10,0,7,3,60,2,8,0,5,1,1,1
12,60,91,21,5,77,4,3,6,7,6,3,20,4,7,0,8,1,1,0
13,69,40,82,3,48,5,1,8,1,7,10,9,7,10,0,7,0,1,1
7,73,72,81,7,62,9,1,6,2,9,2,29,8,8,1,5,1,1,1
8,64,46,38,7,73,7,0,3,6,3,10,23,8,4,1,3,0,1,1
5,97,61,36,4,66,7,7,7,1,10,3,47,4,2,1,3,0,0,1
10,56,69,88,6,65,8,7,8,4,7,8,54,1,9,0,6,1,0,1
6,70,52,58,7,50,6,2,7,4,10,8,51,6,3,1,10,1,0,1
0,91,85,90,4,31,7,1,4,1,3,2,37,6,4,0,4,1,0,1
13,75,35,58,4,60,6,0,11,6,2,2,66,7,7,0,3,1,0,1
4,93,79,55,7,59,4,3,9,1,7,2,92,7,2,0,4,1,1,1
4,63,66,59,4,73,5,2,4,7,4,10,7,4,8,0,3,1,0,0
9,86,93,64,3,41,9,4,6,7,1,7,28,0,10,0,10,0,0,1
13,70,83,23,3,80,9,3,10,4,6,6,9,3,8,1,6,0,1,1
3,67,78,44,7,78,5,0,6,7,6,1,68,3,5,1,7,0,1,0
5,54,40,88,6,53,7,3,8,6,6,2,74,2,9,0,4,1,1,0
6,52,78,49,3,53,7,4,8,7,2,1,67,7,8,0,3,0,1,1
8,72,50,95,3,89,4,7,6,1,1,7,48,2,1,1,3,1,0,1
0,75,95,87,7,40,8,3,3,6,3,6,57,4,9,0,3,1,1,1
5,86,92,48,5,42,8,0,6,0,2,2,34,1,5,1,9,1,0,1
6,73,57,92,4,93,8,7,8,0,6,2,49,5,9,0,3,0,1,1
2,98,46,87,3,49,6,7,8,3,6,2,39,5,9,1,3,0,1,0
7,68,35,70,5,57,8,7,5,0,5,8,11,7,10,0,8,1,0,1
4,74,48,43,6,31,5,4,2,5,10,7,84,7,10,1,4,0,0,0
8,70,85,33,5,72,9,4,7,6,10,1,15,0,3,0,7,1,1,1
4,61,57,88,7,37,9,7,4,5,5,4,77,4,8,0,3,1,0,0
8,90,95,37,6,42,6,3,6,5,9,4,84,1,7,0,8,0,1,1
9,82,67,61,6,64,4,4,5,1,5,7,47,9,7,0,3,1,1,1
3,99,66,76,5,52,5,6,3,1,10,2,90,4,10,0,5,1,0,0
8,53,97,31,7,75,9,3,8,2,6,4,99,9,2,1,1,1,0,1
4,91,78,36,3,44,5,2,6,6,4,1,0,8,2,0,5,1,0,1
9,56,72,49,5,31,9,4,8,5,10,4,64,3,2,0,6,0,1,0
8,71,65,94,3,90,3,3,10,5,1,1,21,7,2,0,7,0,0,1
2,82,87,42,5,93,4,2,5,0,4,2,14,0,4,0,2,1,0,0
3,66,42,20,3,81,4,4,6,4,2,2,83,7,7,1,2,1,1,0
8,73,81,98,5,65,3,2,10,6,10,10,66,5,2,1,9,1,0,1
9,83,87,51,6,96,6,5,11,4,3,3,13,7,5,1,10,0,0,1
10,77,61,28,4,98,9,4,5,6,7,8,72,5,7,0,1,0,0,1
5,92,89,34,6,96,9,5,6,6,7,6,18,2,9,0,2,0,0,1
1,90,87,47,3,76,9,0,6,3,1,6,39,7,8,0,2,0,1,1
6,88,85,43,7,31,8,0,9,2,8,9,97,4,9,0,10,0,0,1
1,71,57,79,6,73,8,3,5,4,7,8,3,9,7,0,7,1,1,1
10,98,30,54,4,93,8,1,5,3,1,2,32,4,3,1,6,0,1,1
1,66,71,46,3,57,8,5,8,0,8,6,42,6,1,1,9,0,0,0
10,83,77,95,6,83,8,5,6,2,2,1,36,5,10,1,7,1,1,1
0,55,69,39,5,96,3,0,7,2,8,9,65,8,7,0,3,0,0,0
10,95,92,84,7,65,4,5,7,5,3,4,26,6,6,1,3,1,1,1
10,55,33,68,3,92,6,1,7,6,10,4,44,2,2,1,1,1,0,1
11,83,67,20,6,54,5,7,11,7,7,9,80,4,1,0,8,0,1,1
10,50,56,29,3,77,8,2,6,6,6,3,49,8,10,1,1,0,1,0
2,59,38,66,5,68,3,2,6,1,5,5,94,9,4,0,2,0,1,1
5,70,45,78,4,76,9,1,10,6,10,1,62,1,4,0,7,0,1,1
7,54,85,81,6,50,6,5,9,6,2,6,5,0,6,0,1,1,1,0
8,51,60,37,3,59,6,5,5,6,2,3,94,7,5,0,4,1,1,1
6,71,43,65,3,60,6,5,8,5,1,1,66,7,9,0,9,0,0,0
3,97,54,51,3,55,3,6,9,0,9,10,66,1,8,1,8,1,1,1
5,51,63,46,4,51,5,3,10,6,8,6,96,7,9,0,8,1,0,0
4,59,96,37,3,50,8,4,6,7,8,10,58,4,10,0,3,1,1,1
7,83,53,58,7,30,6,1,4,5,1,2,12,1,7,1,5,0,0,0
0,65,55,68,7,66,3,1,5,7,5,8,20,6,9,0,4,1,1,0
0,97,49,63,3,75,9,6,11,2,6,2,63,6,3,0,8,1,1,1
12,88,93,91,7,38,4,1,7,5,2,4,36,2,9,1,7,1,1,1
10,71,39,73,6,46,9,7,11,6,10,3,79,0,2,1,7,0,1,1
5,61,96,53,7,76,3,7,6,3,5,9,84,3,9,0,10,1,1,0
9,73,53,90,3,88,3,1,10,5,6,2,47,1,6,1,10,1,1,1
11,96,34,55,5,83,3,6,4,4,9,3,55,3,4,0,7,1,1,1
1,89,96,37,6,41,6,1,3,0,10,7,43,7,2,1,1,1,1,1
4,87,87,57,4,93,3,5,7,0,1,4,12,1,10,1,7,1,0,1
0,59,56,78,3,35,4,6,8,2,10,6,3,0,3,0,4,1,0,0
6,84,44,28,4,82,6,3,6,5,3,3,94,2,5,0,3,1,1,1
0,98,64,92,5,45,9,0,2,7,9,1,72,9,9,0,5,0,0,1
3,81,82,91,4,34,4,5,4,7,1,6,32,6,7,1,2,0,1,1
8,56,73,70,3,75,7,7,4,2,1,4,36,5,3,1,8,0,0,1
0,70,55,54,3,43,9,5,5,2,1,2,52,5,4,1,9,0,1,0
3,69,76,24,5,73,3,4,11,3,7,7,23,6,2,0,5,0,0,0
5,75,63,33,3,92,8,6,7,1,5,10,88,7,8,1,3,0,0,1
5,53,79,49,5,81,8,7,6,2,6,5,50,2,6,0,10,1,1,0
11,95,41,23,5,55,6,0,2,1,8,6,40,2,3,0,7,0,0,1
12,71,33,58,3,82,8,1,7,7,2,6,28,9,5,1,1,0,1,1
7,64,77,83,7,58,9,0,10,1,2,9,58,7,5,1,10,0,1,1
0,89,84,44,5,48,6,3,2,0,3,2,39,6,1,1,3,0,0,1
6,70,30,47,3,76,9,2,9,7,3,6,50,9,5,1,9,1,1,1
0,64,95,95,7,37,3,5,9,4,3,9,49,4,6,1,2,1,0,0
12,71,59,85,5,52,5,6,4,7,4,4,35,3,10,0,9,1,0,0
13,77,32,97,7,64,5,6,10,4,3,6,78,5,10,1,1,1,0,1
6,63,50,41,6,82,4,0,9,5,2,7,59,8,2,0,4,0,0,1
2,76,78,50,6,87,3,4,4,3,9,1,17,5,3,1,10,1,0,1
10,90,91,42,7,34,8,7,11,3,6,5,19,7,10,1,6,0,0,1
7,89,67,67,5,45,3,3,6,4,3,4,4,0,5,0,7,1,1,1
2,77,44,39,3,46,7,2,4,5,9,10,17,5,3,1,3,0,0,1
13,75,81,57,4,61,5,3,6,7,4,2,39,1,5,1,9,0,0,1
13,98,75,74,3,81,8,6,10,6,4,2,0,2,5,0,4,1,0,1
12,51,54,87,4,49,9,1,5,4,8,2,18,5,8,0,5,1,1,1
0,74,50,98,4,95,9,2,7,7,7,7,86,1,10,1,8,1,1,1
12,52,34,20,5,30,5,7,4,5,7,4,25,3,9,1,3,1,1,0
12,57,99,26,7,87,3,7,4,5,10,6,28,5,8,1,8,1,0,1
13,93,76,76,3,73,8,6,6,5,7,7,58,4,3,0,1,1,0,1
7,82,97,31,7,35,4,4,9,5,10,9,62,5,1,1,8,1,0,1
2,91,47,24,6,79,9,2,9,0,5,2,97,5,3,1,10,0,1,1
1,84,50,69,5,49,3,6,4,7,7,10,82,7,1,1,8,1,1,0
0,55,52,61,5,43,4,4,9,0,4,9,61,8,9,0,6,0,1,0
13,88,93,31,6,34,8,1,9,4,8,5,47,4,3,1,5,0,0,1
2,72,96,37,3,70,5,4,4,5,9,6,61,5,8,0,9,1,0,0
1,74,69,85,6,69,7,3,11,2,3,6,17,5,6,0,6,0,1,1
1,99,39,93,3,63,6,0,11,5,7,3,65,5,3,0,1,1,0,1
5,92,81,98,4,74,5,3,3,2,10,10,26,1,9,0,6,0,1,1
11,68,90,36,5,56,4,7,11,0,9,7,5,3,8,0,1,1,1,0
0,54,93,87,3,73,3,6,3,5,1,7,69,0,3,1,6,1,1,1
1,60,34,90,7,62,9,6,10,1,2,8,58,0,7,0,3,1,0,0
13,61,82,81,7,62,8,5,8,4,7,5,5,0,5,1,6,1,1,1
5,59,84,60,5,73,5,3,7,5,2,2,30,6,2,1,6,1,1,1
2,57,66,53,6,49,9,2,8,3,7,3,93,0,8,0,1,0,0,0
3,73,85,89,6,65,9,7,9,2,1,9,55,5,1,0,9,1,0,1
0,77,88,64,3,36,7,1,2,6,3,6,53,1,4,0,8,1,1,1
7,90,98,77,6,61,8,7,9,6,5,8,84,5,4,0,2,0,0,1
12,85,88,70,5,96,4,5,4,5,6,8,40,5,10,1,2,1,0,1
6,86,31,53,3,68,8,5,4,7,9,5,17,2,5,1,5,0,0,0
6,70,94,63,4,53,8,5,7,1,9,1,86,7,4,0,10,1,0,1
2,57,89,34,6,99,3,6,5,2,3,6,22,3,1,0,2,0,1,0
9,58,80,97,6,83,6,0,5,1,8,7,91,6,7,1,1,1,0,1
9,96,59,89,3,67,9,4,5,6,4,9,35,3,10,1,2,1,1,1
2,64,40,69,7,61,4,2,11,4,7,2,24,0,2,0,5,0,0,0
13,97,68,51,6,74,3,7,10,6,6,2,6,5,10,1,10,0,0,0
1,95,92,86,5,90,9,6,9,4,8,10,81,4,3,1,7,0,1,1
11,89,93,22,6,99,6,7,4,4,6,1,19,8,5,1,5,0,0,1
0,67,90,93,4,82,3,1,2,0,4,5,4,8,8,0,1,0,0,1
6,91,83,70,6,80,6,6,2,6,2,2,17,7,10,0,7,1,1,1
6,69,87,86,7,85,6,0,2,7,7,3,32,6,8,1,6,1,1,1
11,55,85,95,6,56,6,7,5,6,4,2,78,1,2,0,7,0,1,1
1,61,63,67,3,67,3,6,7,1,9,4,34,7,9,1,2,0,0,0
6,51,60,36,6,91,8,6,5,5,9,3,64,2,6,1,5,0,0,0
12,56,81,26,7,47,6,3,4,3,7,9,62,5,9,0,8,1,0,0
7,65,30,32,3,93,8,1,9,3,5,10,84,9,4,0,7,1,1,1
0,52,84,85,5,59,9,5,9,7,3,2,71,6,3,1,6,0,0,1
8,94,51,23,3,78,9,1,7,4,3,7,70,5,5,0,6,1,1,1
6,52,69,29,4,70,4,1,10,7,9,3,40,4,5,0,1,0,1,0
2,76,30,36,3,42,7,3,11,3,9,10,49,3,4,0,1,1,1,1
7,99,94,71,5,63,8,4,2,7,4,8,29,1,7,0,7,0,1,1
6,92,92,25,6,54,9,6,9,2,1,4,37,8,8,1,3,0,1,1
10,89,83,88,3,95,7,2,7,1,10,4,34,6,5,1,6,1,0,1
12,87,71,93,3,47,6,5,2,1,5,9,65,6,9,0,5,1,1,1
7,82,50,28,3,34,7,7,5,7,8,3,45,3,7,1,3,0,1,0
5,77,51,96,3,48,7,4,6,1,10,7,7,4,7,0,6,0,1,1
8,50,67,40,5,71,6,0,8,2,4,1,67,5,8,0,3,1,1,0
4,57,37,43,7,47,8,6,9,5,10,7,36,1,4,0,8,0,0,0
2,86,91,23,7,61,6,5,10,0,10,10,84,3,10,1,7,0,0,0
2,81,76,43,3,50,4,2,7,2,4,2,12,3,6,1,9,0,0,0
0,97,46,78,5,39,5,6,11,1,9,6,72,3,5,1,5,0,1,1
11,92,46,22,5,66,3,0,10,1,9,9,44,6,1,0,1,0,0,0
7,86,42,87,3,78,6,3,5,6,7,6,28,6,9,1,10,0,0,1
1,53,46,59,4,42,6,4,9,1,10,3,40,6,2,1,8,1,1,0
2,79,67,67,3,84,7,6,4,5,8,1,55,6,6,0,2,1,1,0
7,55,74,73,4,46,4,5,5,3,4,4,87,1,8,0,6,0,1,0
13,95,35,54,3,38,9,1,11,0,8,4,15,4,3,0,1,0,1,1
7,68,64,75,4,73,9,7,5,2,6,8,11,9,5,0,6,1,1,1
13,81,43,59,4,75,7,7,7,7,3,10,65,1,7,1,4,0,0,1
10,58,90,96,3,37,8,7,10,1,7,10,61,4,4,1,5,1,0,1
3,61,44,87,4,66,6,2,7,6,3,7,18,5,5,0,10,1,0,1
3,60,83,65,6,48,6,6,2,6,7,10,29,2,1,0,7,0,0,1
4,95,56,97,7,92,7,7,6,4,5,7,15,5,4,0,6,0,0,1
5,65,42,32,5,75,6,5,10,0,4,7,87,4,7,0,1,0,1,1
4,50,60,46,4,55,8,1,6,6,3,2,12,3,10,1,9,1,0,0
13,94,64,25,4,75,5,5,7,4,8,9,68,9,7,0,6,1,0,1
6,70,89,36,5,75,3,6,4,0,4,6,22,8,10,0,6,0,0,1
1,79,35,55,4,43,3,0,9,1,8,2,61,7,10,1,9,0,0,0
6,62,98,21,5,92,3,1,11,0,10,1,30,6,4,0,10,0,0,1
9,83,87,96,3,32,5,1,5,0,3,1,52,0,6,0,5,1,1,1
6,53,78,71,6,57,6,5,5,7,10,1,16,8,5,0,6,0,1,0
0,77,52,85,6,58,7,3,6,1,9,4,48,8,1,0,6,1,0,1
6,87,63,71,7,47,9,6,11,5,6,4,48,5,8,0,7,0,1,1
4,80,55,62,4,64,4,7,10,6,5,9,66,6,7,1,9,0,0,1
2,76,76,41,7,76,6,3,9,4,5,1,25,2,5,1,5,1,0,0
12,54,34,74,3,34,5,4,8,7,3,3,12,4,10,1,5,1,1,0
2,74,49,86,6,88,8,7,6,7,2,3,37,6,10,1,4,1,1,1
3,52,35,79,3,88,5,0,10,5,6,8,21,0,7,0,10,1,1,1
12,82,99,77,3,76,9,3,10,4,1,2,84,0,10,0,4,1,0,1
11,53,88,31,4,42,3,5,11,3,7,6,28,4,3,0,8,1,0,1
1,74,93,88,3,62,6,6,11,6,5,4,44,8,8,0,2,0,0,1
1,69,47,58,6,91,9,3,3,4,4,10,45,6,5,0,10,1,1,1
0,83,33,32,7,45,3,4,5,4,9,6,38,0,2,0,8,0,1,0
4,75,46,60,6,73,4,2,9,0,10,5,68,4,2,1,2,0,0,1
3,54,43,76,4,87,8,4,2,3,1,9,77,7,4,0,1,0,1,1
10,84,42,72,6,35,3,1,6,1,4,9,81,7,7,0,10,1,1,1
9,77,36,31,5,44,4,7,9,1,3,1,67,1,10,1,9,1,0,0
1,78,73,32,7,33,5,6,3,2,6,3,96,6,4,1,8,0,1,1
2,58,44,93,5,85,3,1,3,3,5,1,38,9,9,0,6,0,1,0
6,87,48,76,5,93,3,3,9,0,7,6,19,4,2,1,4,0,0,1
6,99,92,59,4,97,7,3,11,2,1,3,76,8,6,1,2,1,0,1
11,55,64,99,3,63,8,4,10,2,5,1,99,2,4,0,8,0,0,1
3,68,64,64,5,85,8,4,8,1,2,6,67,0,6,0,3,1,1,1
4,93,48,54,6,61,9,5,9,4,2,5,34,3,10,1,10,0,0,0
4,60,49,22,3,38,5,0,6,0,2,8,7,6,9,1,4,1,1,1
5,51,64,24,6,92,7,5,2,7,9,2,51,0,10,1,5,1,0,0
13,96,61,30,6,62,9,1,5,7,10,8,39,1,9,1,4,0,0,1
8,93,77,90,3,50,4,5,3,3,3,5,35,4,9,1,8,1,0,1
1,93,73,75,3,84,9,4,4,2,4,8,5,8,9,1,9,0,1,1
4,58,53,29,6,86,4,6,4,0,5,10,85,0,3,0,1,0,0,0
11,70,90,53,4,31,5,5,10,1,4,4,69,3,9,0,2,0,0,0
2,73,46,86,7,42,8,2,11,2,4,4,99,2,3,1,4,0,1,1
3,83,79,91,7,33,4,7,5,2,5,10,72,4,10,1,1,0,1,0
9,71,94,50,4,79,5,0,3,5,10,4,15,4,3,0,6,1,0,1
5,52,61,94,3,77,9,4,4,1,9,6,45,9,5,1,5,0,0,1
11,61,65,90,6,59,4,6,4,7,9,4,58,1,6,0,7,1,0,1
7,77,42,85,7,58,6,3,8,5,6,9,37,4,9,1,6,0,1,1
0,79,99,89,6,37,3,7,9,1,3,9,96,8,1,1,3,0,1,1
9,75,87,60,4,41,9,5,7,1,6,3,17,4,8,1,5,1,0,0
13,97,43,82,6,70,8,4,5,5,10,7,11,9,4,1,3,0,0,1
7,70,66,51,4,55,9,3,7,7,4,5,53,1,10,0,9,0,0,0
10,77,97,39,3,79,6,3,2,6,3,9,90,6,7,0,2,1,0,1
13,75,69,76,4,31,5,1,11,0,6,2,46,5,6,0,6,1,1,1
6,82,88,69,4,84,5,1,9,0,6,3,0,6,6,0,9,0,1,1
0,70,45,99,7,85,9,6,2,6,2,10,14,7,7,1,10,0,1,1
1,84,91,44,6,43,6,4,6,0,9,5,90,9,4,0,7,0,0,1
2,83,33,31,7,35,9,7,3,4,8,5,79,4,6,0,5,0,0,0
0,90,74,90,5,90,3,6,7,2,6,10,20,1,3,0,2,0,1,1
13,96,57,58,4,41,3,4,10,0,1,7,0,6,5,1,2,0,0,1
8,67,95,36,5,42,7,2,6,4,2,8,92,6,2,1,4,0,1,1
7,60,60,64,7,48,4,0,5,2,4,8,66,7,3,1,10,0,0,1
1,72,32,30,6,73,7,0,3,0,7,1,11,6,9,1,2,0,0,0
12,97,37,89,7,88,3,7,4,1,9,1,27,9,6,1,8,1,0,1
8,71,53,42,6,66,6,4,7,6,10,3,38,6,3,0,10,1,1,1
6,66,44,89,6,54,4,1,9,3,5,1,36,8,2,0,7,0,0,0
8,54,72,57,3,45,6,7,9,0,10,1,94,7,5,0,7,1,0,0
5,93,60,21,4,67,7,5,6,3,2,10,59,1,10,0,3,1,1,1
5,60,74,98,7,72,5,6,6,0,1,8,30,1,5,1,7,0,0,1
10,79,95,91,6,43,6,2,11,1,10,1,57,6,1,0,8,1,0,1
13,64,37,56,7,35,7,0,4,6,1,9,96,9,3,1,5,1,1,1
3,76,86,68,7,52,7,4,8,7,5,2,96,9,7,1,1,1,0,1
9,84,59,71,6,89,7,1,7,6,7,9,10,2,9,0,1,1,1,1
9,82,47,52,5,41,5,1,2,3,9,7,28,0,5,0,4,1,0,1
12,69,98,41,4,42,5,1,5,4,9,9,88,8,4,0,2,0,0,1
12,65,68,24,4,35,9,6,7,1,8,3,12,2,3,0,7,0,1,0
1,83,89,37,3,92,5,5,7,3,1,1,50,0,10,0,3,1,0,0
6,51,72,57,3,67,4,3,4,3,5,1,53,5,9,1,4,1,1,1
4,84,74,56,3,79,5,7,7,5,6,10,18,3,7,0,9,1,0,0
10,89,52,83,4,81,5,6,11,5,6,6,57,0,7,1,2,0,1,0
5,77,98,29,5,69,5,5,7,1,4,7,35,3,8,1,8,1,0,1
1,96,35,98,4,37,6,1,10,1,1,9,27,7,10,0,1,0,0,1
4,88,85,61,4,90,5,4,10,1,3,6,67,6,1,1,3,1,0,1
9,55,33,67,4,37,4,7,3,2,10,5,2,0,4,1,4,1,0,0
3,58,52,63,4,63,7,2,5,4,4,2,88,9,5,1,6,0,0,1
8,69,35,35,5,89,6,5,10,0,4,2,40,8,5,1,1,0,1,1
5,50,61,73,3,86,3,4,5,7,4,8,34,5,1,1,8,0,0,1
1,57,47,54,7,75,5,6,9,5,5,1,92,1,3,0,2,1,1,0
0,72,44,47,3,51,9,6,11,6,9,8,92,2,2,0,5,1,1,0
4,52,69,21,3,69,9,7,4,6,4,10,75,6,7,0,6,0,0,0
8,53,35,32,7,74,7,1,4,3,9,7,98,2,5,1,8,1,0,1
5,74,92,60,4,84,7,2,10,5,9,7,83,2,3,1,3,0,0,1
9,96,96,99,5,80,6,0,11,0,1,5,80,4,8,0,9,0,1,1
11,87,40,78,5,34,9,0,9,1,5,3,75,2,1,1,5,1,0,1
6,64,72,88,3,42,3,6,2,6,9,7,49,2,1,1,8,1,0,0
4,70,46,72,7,57,8,4,11,5,4,7,99,4,6,1,4,1,0,1
9,84,33,64,6,91,9,2,3,4,5,7,73,4,1,1,9,1,0,1
5,95,92,39,4,53,9,4,4,4,4,2,81,8,4,1,8,1,0,1
4,63,97,43,3,36,4,2,3,7,2,3,29,0,6,0,5,1,0,0
10,85,70,80,5,67,8,2,4,2,10,3,71,0,1,0,3,1,1,1
8,61,34,77,7,66,7,6,9,5,2,4,76,8,9,1,1,0,0,0
5,66,61,46,7,97,8,4,7,1,2,9,94,4,4,0,5,0,1,1
10,88,99,45,3,71,9,6,8,3,1,10,69,3,9,0,5,1,1,1
7,58,64,26,6,34,7,7,11,7,3,1,53,1,9,1,4,0,0,0
1,84,51,61,5,93,8,2,11,7,10,7,70,8,6,0,10,0,0,1
11,62,94,66,3,79,7,5,7,2,1,7,84,5,7,0,10,0,1,1
12,64,51,72,6,44,7,1,2,1,4,4,50,8,1,1,8,0,0,1
8,67,40,78,7,82,6,7,4,7,1,1,27,4,5,0,3,1,0,0
4,82,32,57,4,54,3,2,2,2,4,3,63,3,3,1,10,0,0,0
6,55,38,88,5,38,7,5,11,5,3,5,84,6,10,0,9,0,0,0
9,76,89,72,5,67,4,2,10,0,9,2,20,4,10,0,3,1,1,0
12,72,43,34,6,51,9,5,10,7,1,7,87,7,6,0,4,0,1,1
0,76,47,45,3,78,9,4,6,6,8,10,26,7,4,0,6,0,1,1
9,83,52,67,7,97,4,0,5,5,9,10,26,1,9,1,9,1,0,1
4,95,76,38,6,44,5,3,10,1,7,7,76,4,7,1,10,0,1,1
11,87,98,28,4,94,7,7,10,3,1,10,49,9,4,0,2,1,1,1
13,63,76,83,4,83,7,2,4,3,4,5,28,7,6,1,2,1,1,1
9,85,59,73,4,59,7,3,6,1,10,10,38,2,2,1,2,1,0,1
13,57,54,70,6,49,8,2,4,2,1,6,56,6,3,0,5,0,0,1
1,84,57,58,7,62,7,4,11,4,4,1,91,2,7,0,6,0,0,1
11,68,54,23,5,36,7,4,3,1,3,4,36,5,4,1,3,1,0,1
5,79,87,22,3,37,4,5,2,6,2,4,92,1,10,1,3,1,0,0
10,63,70,83,5,57,3,2,11,7,1,8,63,5,7,1,2,1,1,1
0,69,54,48,7,74,3,4,3,5,6,2,47,5,9,1,6,0,1,0
2,98,77,30,5,40,5,4,9,3,7,1,21,7,5,0,1,0,0,0
4,74,39,77,6,60,4,2,9,0,6,7,99,4,1,1,9,1,0,1
3,89,40,94,4,41,7,5,4,3,9,6,29,0,5,1,10,0,1,1
2,73,50,46,7,80,3,5,8,4,9,5,27,7,6,1,4,0,1,0
9,63,74,40,7,73,6,5,8,7,2,8,22,8,2,0,2,1,0,1
12,75,36,58,5,79,6,5,3,3,2,2,96,0,8,1,6,0,0,0
4,87,93,65,6,46,6,0,10,4,9,2,3,4,2,1,5,0,0,0
10,72,93,85,5,64,7,2,4,7,1,9,2,5,9,0,3,1,1,1
7,71,31,55,5,30,7,6,3,6,5,1,60,3,2,0,3,0,1,0
10,97,71,94,7,58,5,0,4,7,1,6,95,1,3,1,5,0,0,1
3,68,83,84,5,80,9,4,3,1,7,3,3,4,8,0,4,0,0,1
0,95,45,82,4,93,5,0,9,3,9,5,64,3,6,1,5,1,1,0
10,52,47,54,5,33,5,7,6,2,6,8,11,6,1,1,2,0,1,1
6,91,88,50,4,57,8,6,4,5,2,7,12,5,4,0,1,0,1,1
7,68,45,47,7,45,6,6,6,2,6,4,33,2,5,0,5,0,0,0
2,58,35,20,6,92,7,6,9,5,9,8,58,8,3,0,1,0,0,0
5,77,86,44,4,82,6,5,8,3,3,10,92,3,1,1,3,0,0,1
1,69,76,62,6,46,5,4,7,6,9,2,72,4,3,0,8,1,0,0
6,94,77,86,6,69,7,0,2,3,8,7,30,2,9,1,8,0,1,1
7,56,71,82,4,42,4,0,11,5,7,5,70,7,2,0,9,1,1,1
5,63,89,70,7,81,3,7,2,6,8,6,12,6,1,1,1,0,0,0
5,58,33,21,3,87,3,2,2,0,10,3,53,6,7,1,4,1,0,0
4,68,31,83,6,66,5,0,11,6,6,10,1,7,7,0,6,1,0,0
7,96,88,93,6,90,9,7,9,3,3,7,32,6,5,0,7,0,0,1
0,63,56,88,7,63,6,4,9,0,7,7,49,2,2,1,5,1,0,0
9,87,56,28,7,99,4,5,8,0,4,2,6,2,1,0,7,0,0,1
3,85,36,21,5,46,7,2,7,5,10,1,17,1,5,0,10,1,0,0
3,89,92,53,7,49,9,7,5,0,5,10,50,0,10,0,8,0,0,1
2,66,75,79,6,88,6,0,2,0,8,2,7,4,4,0,10,0,0,1
2,79,92,80,4,98,5,2,10,1,7,8,54,3,9,0,6,0,0,1
3,58,41,50,3,62,6,3,2,6,7,10,75,1,5,0,4,0,1,0
10,82,42,29,5,46,5,2,5,7,8,3,42,0,10,0,1,1,1,0
0,74,72,95,4,86,8,6,4,2,10,4,58,2,2,1,5,0,1,1
13,63,46,55,3,30,3,5,8,0,3,8,29,5,4,0,10,0,1,1
10,60,92,68,3,42,9,6,6,7,3,3,58,1,9,1,10,0,0,1
12,84,65,89,3,56,3,3,6,2,2,6,8,9,8,0,10,1,1,1
10,90,37,68,4,99,6,6,5,7,1,2,91,6,3,1,4,0,1,1
1,63,98,22,5,88,4,3,2,0,10,3,67,6,8,1,5,1,1,0
8,79,65,93,5,35,7,2,6,2,6,1,38,2,2,0,4,1,1,1
9,90,57,24,3,52,5,4,5,3,6,9,80,0,3,0,9,0,1,1
1,53,76,80,4,39,7,5,11,3,10,4,10,8,5,0,3,1,0,0
4,53,59,45,3,80,3,4,9,2,8,6,1,4,10,0,3,0,1,0
8,77,52,91,7,48,4,5,3,6,6,7,22,1,10,1,10,1,1,1
8,57,45,24,5,80,4,7,9,0,6,2,62,7,8,1,7,0,0,0
7,51,43,34,6,97,7,5,2,1,1,8,21,9,1,0,2,0,1,1
0,90,81,35,3,71,3,6,5,7,7,9,60,9,4,1,9,0,0,0
0,95,66,20,7,86,7,6,4,6,7,10,25,3,1,0,8,1,1,1
8,71,58,35,5,97,6,4,6,2,10,2,11,9,1,1,6,1,0,1
12,90,96,56,4,67,4,1,6,6,9,5,31,6,5,0,9,1,0,1
10,65,44,22,5,91,4,7,6,7,7,2,8,4,6,1,3,1,0,0
7,78,76,71,4,36,6,3,5,4,8,5,68,2,1,0,4,0,1,1
9,98,75,66,4,79,3,6,9,1,4,7,89,9,6,1,7,0,1,1
8,97,81,32,3,81,4,7,4,7,9,6,70,7,5,0,1,1,0,1
6,79,48,99,3,55,9,6,5,4,1,4,92,1,4,0,1,1,0,1
2,61,50,74,5,55,8,6,2,7,8,2,32,0,10,1,1,1,0,0
2,84,93,40,7,48,8,2,8,7,3,7,23,4,5,1,8,1,0,1
1,60,66,85,5,38,8,4,2,2,1,10,88,3,8,1,6,0,0,1
4,95,56,73,6,90,5,4,3,0,2,9,94,9,9,1,3,0,0,1
11,99,84,46,4,49,9,6,8,6,6,1,92,6,2,1,10,0,0,1
11,70,58,57,4,79,5,2,2,6,5,3,68,8,6,0,7,1,0,1
2,70,49,77,3,51,3,6,4,4,3,7,37,5,3,1,6,1,0,0
13,54,54,81,7,42,6,3,7,6,9,9,10,0,2,1,5,1,0,0
5,97,99,65,3,41,7,2,7,2,8,5,31,7,1,1,3,1,1,1
1,69,92,30,6,39,9,6,7,1,3,7,63,1,4,1,4,0,0,0
11,86,65,91,5,94,3,5,3,0,2,10,71,3,8,0,1,0,1,1
2,52,31,27,5,59,7,1,3,4,8,7,19,2,3,0,9,1,0,0
4,93,51,90,7,37,3,5,7,6,5,4,33,5,5,0,5,0,1,0
11,82,45,83,3,50,5,1,11,2,9,5,41,1,10,0,2,0,0,0
10,58,47,40,3,51,8,2,6,0,1,2,7,4,5,1,9,0,1,1
10,58,98,91,6,47,6,5,8,0,10,8,65,8,5,0,7,0,0,1
0,53,83,82,5,95,5,3,8,3,3,1,20,2,9,0,8,1,0,0
12,84,59,83,3,77,6,7,6,0,5,2,78,1,8,1,3,0,0,1
0,66,74,39,7,73,9,5,9,7,2,3,69,1,8,1,7,0,1,0
9,83,48,27,5,38,7,4,11,2,3,7,4,8,1,1,1,0,0,1
8,73,63,77,6,96,3,7,7,1,4,6,66,5,1,1,6,0,0,1
6,81,42,65,7,83,4,7,6,5,4,7,42,1,2,1,10,1,0,1
0,50,72,50,4,55,4,1,5,3,9,5,15,2,8,1,6,0,1,0
11,57,91,28,6,55,6,1,8,2,1,4,98,0,10,0,10,0,1,1
13,94,51,34,7,63,8,6,5,2,9,7,72,1,1,0,6,1,0,1
7,72,81,45,3,37,8,3,6,2,9,3,34,1,4,1,3,1,0,1
2,96,81,29,4,39,6,1,6,4,6,10,82,1,9,0,6,1,1,1
7,89,65,48,6,77,5,1,2,6,1,7,42,6,2,1,3,1,1,1
4,61,48,99,3,84,4,6,2,4,6,2,97,2,3,1,10,1,0,0
0,61,67,55,4,83,5,3,4,7,8,8,38,3,6,0,9,1,0,0
6,95,99,56,5,69,7,5,4,1,5,6,9,1,10,0,7,0,0,1
4,96,86,90,3,44,4,2,3,7,5,3,73,4,3,0,4,0,1,1
5,64,49,42,7,47,7,5,3,2,1,3,19,8,4,0,3,1,1,1
5,90,38,60,6,52,3,4,7,6,1,5,0,8,9,0,6,0,0,0
7,68,61,99,4,91,5,4,2,7,8,3,5,6,9,1,9,0,1,0
8,75,33,47,3,75,6,1,7,4,5,6,52,7,10,0,3,0,1,1
1,78,79,67,5,68,4,7,6,4,8,2,45,4,5,0,8,0,0,0
8,71,34,57,6,44,5,4,7,4,10,8,65,4,7,1,6,0,0,0
11,89,49,50,6,82,6,2,6,1,2,9,37,2,9,0,4,1,0,1
10,70,66,33,3,93,3,1,8,1,4,7,32,5,8,0,5,0,1,1
9,87,51,92,5,92,4,6,2,2,10,3,66,0,7,0,3,0,1,1
8,69,87,96,4,45,7,4,4,3,9,10,99,2,8,0,2,1,0,1
12,78,97,48,3,99,3,7,7,7,3,4,76,1,5,0,9,0,1,1
9,53,73,70,4,95,8,6,2,2,6,10,34,6,5,1,3,0,1,1
9,56,63,68,6,42,6,0,8,4,7,2,78,8,5,0,6,0,1,1
6,77,71,62,4,76,4,0,5,5,3,9,44,3,1,0,5,0,1,1
0,77,38,91,5,38,4,0,4,7,1,5,21,6,6,1,10,0,0,1
6,53,36,24,7,92,9,6,11,6,2,2,67,7,5,0,8,0,1,0
9,71,97,61,5,63,9,0,10,4,10,10,16,9,8,1,5,1,0,1
4,61,48,26,4,58,3,5,2,0,7,6,4,1,8,1,8,0,1,0
5,94,60,61,3,66,4,0,9,5,7,7,84,6,2,1,5,1,0,1
9,52,64,55,6,72,6,1,2,5,1,2,56,2,6,0,10,1,1,1
6,71,86,46,7,93,3,3,6,6,10,1,87,7,10,0,6,0,0,0
13,93,90,77,3,53,7,5,11,2,7,7,94,5,10,0,5,0,0,1
4,51,60,65,3,63,3,7,9,4,10,1,39,2,6,0,2,0,1,0
6,73,82,85,5,77,3,3,7,4,6,3,29,7,3,1,10,1,1,1
8,83,61,44,4,41,7,1,8,3,6,4,41,2,1,1,10,1,0,1
2,76,95,92,5,52,8,7,9,0,7,2,6,8,7,1,6,1,1,1
7,90,88,46,4,42,9,1,7,2,7,7,70,2,10,0,7,0,0,1
1,50,39,20,5,74,6,2,7,1,1,5,90,0,5,1,3,1,0,0
10,57,31,93,3,94,8,7,7,2,10,1,87,1,10,0,3,0,0,0
6,72,95,61,6,76,8,5,6,7,5,8,18,3,5,1,7,0,0,1
12,87,89,71,4,87,8,3,9,7,8,10,40,1,8,1,10,1,1,1
1,55,46,44,7,34,9,0,3,5,8,7,33,3,5,1,4,1,1,0
13,71,45,73,7,34,5,1,8,2,3,4,21,3,5,0,2,0,1,1
3,74,45,86,3,89,9,0,5,3,3,2,51,3,1,1,9,1,1,1
6,67,75,25,5,50,8,7,2,2,7,7,90,0,2,1,9,1,1,1
2,66,68,77,5,53,5,3,6,3,4,2,5,8,5,0,6,0,0,1
1,61,60,89,3,47,7,6,4,5,6,6,73,9,7,1,2,1,1,1
10,55,30,72,7,50,9,5,5,3,9,1,94,6,3,1,3,1,1,1
9,75,40,85,7,83,6,4,8,6,10,7,24,1,1,0,5,0,1,1
6,76,33,77,5,39,8,6,6,6,2,7,65,2,2,0,5,0,0,0
0,57,55,21,4,53,4,7,5,7,2,4,9,7,3,0,9,1,1,0
13,68,79,95,6,89,7,7,2,4,6,4,73,6,9,0,10,1,1,1
7,91,41,41,4,86,5,6,7,1,3,10,25,3,8,1,3,1,1,1
2,50,94,56,7,52,9,4,11,5,1,5,4,3,4,1,2,0,1,1
11,78,76,39,4,51,6,7,7,7,2,2,85,8,8,0,10,1,1,1
11,94,82,43,6,97,3,7,8,3,7,9,67,4,9,1,8,0,0,1
12,98,31,84,4,63,6,1,2,0,4,10,97,4,3,1,7,0,1,1
1,84,53,84,4,99,6,2,5,5,2,4,70,6,6,0,9,0,1,1
2,89,33,20,4,57,8,7,10,0,8,9,49,0,8,1,3,0,1,0
4,63,48,22,4,68,8,0,11,1,4,3,16,2,10,1,6,1,0,0
10,84,55,65,3,71,9,1,7,3,4,9,10,1,7,1,5,1,1,1
7,97,69,74,7,52,9,2,3,5,2,1,52,9,9,0,5,1,1,1
9,94,79,94,6,99,5,0,5,5,1,7,49,5,7,1,10,1,0,1
6,69,72,83,7,31,9,3,7,1,1,4,7,5,1,1,8,1,1,1
6,98,96,64,3,53,5,6,5,4,3,7,91,9,9,1,1,0,0,1
11,62,41,45,3,46,8,6,11,0,6,10,96,0,5,0,1,0,1,1
6,87,96,96,3,94,8,4,8,5,7,6,61,5,6,0,3,1,0,1
7,98,56,84,3,99,4,2,4,2,9,4,88,9,2,1,2,1,0,1
0,95,83,43,4,98,4,0,7,0,5,4,84,1,2,1,2,1,0,1
3,98,95,93,7,89,7,7,5,7,9,8,75,3,4,0,2,1,0,1
12,57,78,54,5,79,8,1,4,3,8,7,89,5,4,0,4,0,1,1
5,92,45,43,6,41,3,0,4,1,1,4,28,2,5,0,1,1,0,0
8,69,31,47,3,76,4,1,3,7,3,6,98,2,7,0,10,0,0,1
12,82,89,99,7,96,5,6,4,0,8,6,43,2,1,1,9,0,1,1
1,75,83,35,3,94,6,4,11,2,9,1,44,3,10,0,5,1,1,0
0,88,59,78,3,56,9,7,2,6,4,2,28,8,4,0,5,0,0,1
12,70,67,73,3,77,9,4,4,2,6,4,87,3,9,0,9,1,0,1
9,98,57,98,3,91,7,0,10,7,4,6,58,3,8,0,5,0,1,1
11,91,54,35,3,73,4,0,5,1,9,6,14,3,3,1,8,0,0,1
13,92,39,34,6,48,6,1,4,7,2,1,69,6,6,1,1,0,1,1
1,90,89,30,7,88,6,1,9,1,6,8,95,4,9,1,1,0,1,1
6,58,71,84,3,37,4,2,2,6,3,2,43,1,8,1,4,0,0,1
2,73,69,98,3,84,3,6,6,0,10,5,97,6,7,0,8,1,1,1
9,86,71,87,3,76,3,2,2,3,4,4,35,2,7,1,3,0,1,1
1,98,76,62,3,31,7,2,8,4,2,5,83,0,1,1,1,1,0,1
13,90,66,88,4,68,3,0,6,2,8,5,56,8,5,0,9,1,1,1
10,66,51,32,4,74,7,5,3,1,10,10,63,4,7,1,9,0,1,1
6,73,86,29,5,61,5,5,2,4,8,8,75,9,2,1,9,1,0,1
12,70,56,94,3,94,4,5,8,7,1,10,98,0,6,1,9,0,1,1
12,88,70,60,5,67,6,5,2,4,10,7,37,0,2,0,2,1,1,1
1,90,63,69,6,40,7,2,4,4,6,9,16,0,3,0,4,1,0,1
2,88,61,90,5,39,9,0,7,3,1,1,26,8,1,0,2,0,1,1
10,62,95,78,7,88,3,5,7,1,6,6,16,7,3,1,7,1,1,1
6,60,41,58,4,84,9,7,8,7,7,6,62,5,7,0,3,1,1,0
13,95,69,22,4,49,7,4,2,2,2,2,10,9,5,0,9,1,1,1
3,68,39,95,3,46,8,3,8,1,9,8,63,5,4,1,7,0,0,1
12,60,77,26,3,97,7,4,3,0,8,6,38,5,8,0,8,1,1,1
13,62,49,68,6,34,3,0,7,7,9,10,1,3,8,1,9,1,0,1
0,95,68,45,6,89,8,0,9,2,10,9,65,4,1,1,8,0,1,1
12,94,89,52,7,52,8,3,6,7,4,10,53,9,9,0,7,1,0,1
13,50,95,67,3,75,3,1,11,1,4,5,28,2,9,1,9,0,1,1
4,89,94,98,3,81,8,1,4,2,8,7,44,2,2,1,1,1,0,1
11,93,80,21,6,39,4,7,9,0,1,6,87,9,2,1,4,1,0,1
8,68,65,90,6,75,6,1,9,5,8,5,87,6,8,0,4,1,1,0
7,61,53,51,6,57,9,2,5,2,7,6,79,4,6,1,5,0,1,1
11,57,56,23,4,72,4,1,9,5,7,4,30,7,3,0,8,1,0,0
8,57,31,39,5,55,4,6,6,4,9,3,48,4,2,0,10,0,0,0
9,94,60,55,5,84,3,2,6,6,10,1,8,3,5,1,1,0,0,0
13,61,86,51,3,77,3,2,4,7,7,1,26,2,8,1,6,1,0,1
8,97,95,47,4,58,9,7,8,3,2,6,55,1,6,1,9,1,0,1
6,82,58,96,6,56,6,1,10,0,1,9,77,2,3,1,10,0,0,1
3,94,44,20,3,47,7,1,10,2,1,8,44,6,9,1,8,1,1,1
4,75,41,79,4,89,4,7,2,0,7,2,88,7,8,0,2,1,1,0
0,88,57,75,7,98,8,3,2,4,5,9,42,4,10,0,7,1,0,1
13,77,53,54,4,50,6,5,11,5,4,8,21,0,6,1,5,1,0,1
0,54,50,49,3,53,4,7,6,3,5,9,98,2,1,0,2,0,1,0
2,57,39,73,5,32,7,3,2,0,10,4,32,3,2,0,1,1,0,0
12,74,47,55,6,91,8,2,5,5,10,9,26,9,4,0,2,0,0,1
13,76,43,74,7,31,4,3,2,4,6,2,39,3,2,1,10,0,1,1
7,95,63,99,4,95,5,2,3,4,10,1,25,0,3,0,6,0,1,1
13,72,87,77,3,71,9,0,3,4,6,9,82,9,8,0,8,0,0,1
1,79,51,84,3,63,6,2,5,7,1,10,44,8,9,0,3,0,1,1
3,94,99,88,6,71,9,2,9,6,2,8,44,9,6,1,5,0,0,1
1,96,65,70,3,49,3,3,3,7,3,7,25,3,4,0,2,0,1,1
13,72,74,41,3,97,4,5,10,5,4,8,69,1,2,1,8,1,0,1
4,98,65,72,6,74,8,0,10,2,6,1,66,8,7,0,4,1,0,1
8,96,51,55,7,71,8,4,3,1,9,9,5,3,10,1,10,0,0,1
0,69,90,87,5,76,6,4,2,0,2,10,27,3,7,0,6,1,0,1
4,67,85,55,5,34,6,5,11,6,8,9,66,5,10,1,3,1,1,0
13,67,62,71,4,78,9,4,11,1,9,9,12,7,9,0,8,1,1,1
8,51,74,72,7,66,8,0,10,4,2,6,62,4,5,1,8,1,1,1
0,53,65,69,4,63,8,1,3,1,9,4,12,7,10,1,3,0,0,0
8,79,49,99,5,99,8,0,9,5,7,2,76,0,4,0,9,1,1,1
7,82,47,60,6,47,4,3,4,7,9,4,0,3,10,0,10,0,0,0
3,85,67,37,3,48,8,7,2,4,6,7,39,0,6,1,5,1,0,1
11,67,96,41,5,69,3,6,2,7,2,1,36,2,2,1,10,1,1,1
10,86,52,85,7,46,8,2,11,6,8,9,30,6,2,0,9,0,1,1
9,68,45,40,5,89,3,2,3,4,10,3,16,0,9,1,7,0,0,0
4,96,88,63,7,71,4,7,8,3,9,4,8,4,7,0,10,0,0,0
12,77,98,66,7,94,6,3,7,3,8,5,63,0,7,0,3,1,1,1
4,89,97,58,7,82,3,3,3,6,2,3,56,5,5,1,6,1,1,1
10,69,50,48,4,36,4,6,5,5,8,4,12,8,7,0,10,1,1,0
11,98,99,73,6,34,8,6,3,5,3,5,36,2,9,1,2,0,1,1
5,82,41,36,5,53,4,2,2,1,3,1,13,5,10,0,6,0,1,0
6,61,45,99,6,57,8,6,4,6,9,9,74,3,5,0,5,0,0,0
7,64,43,79,3,91,9,6,5,7,9,10,24,5,9,0,3,0,0,0
13,90,90,50,5,46,4,6,11,0,9,10,94,1,1,0,7,0,0,1
7,88,75,92,6,49,6,7,6,6,4,4,77,3,3,0,4,1,1,1
10,51,61,97,6,32,3,5,6,1,7,9,56,6,7,0,6,0,0,1
13,78,44,68,3,66,9,1,8,5,8,4,70,5,4,0,9,0,1,1
12,90,73,21,7,44,6,6,11,0,5,1,87,8,2,0,6,1,1,1
1,59,46,67,5,80,5,1,9,6,1,5,99,6,3,0,4,0,1,1
8,51,70,33,5,77,8,1,10,1,9,9,41,0,7,0,10,0,0,1
6,60,83,78,3,37,3,3,8,2,6,3,41,5,8,0,2,0,0,0
3,62,73,77,7,42,6,6,6,7,3,5,46,2,9,0,9,0,0,0
3,59,34,77,5,77,3,2,10,2,3,3,43,7,6,1,4,1,0,0
10,63,56,70,5,32,5,5,9,7,10,3,40,0,10,1,4,0,1,0
7,67,72,21,5,94,7,2,11,0,1,1,2,9,9,0,2,1,1,1
3,58,60,60,7,60,8,6,10,3,8,2,89,1,4,0,5,0,0,0
12,88,46,35,3,55,8,2,11,7,2,2,89,2,5,1,6,1,0,1
5,77,83,23,5,85,4,6,9,0,1,9,0,2,1,0,10,1,1,1
4,52,91,31,6,63,8,5,7,1,7,7,78,6,9,0,6,0,0,1
2,69,61,48,7,38,8,0,5,4,9,8,10,7,9,0,3,1,0,0
12,55,69,26,4,91,6,5,10,2,6,2,6,8,9,1,9,1,1,1
13,76,42,33,3,42,9,7,10,4,8,9,11,6,3,0,7,1,0,1
9,51,64,31,6,98,8,0,11,2,8,3,37,7,10,1,3,0,0,0
10,78,34,24,5,70,8,4,11,1,9,10,53,5,10,1,4,1,0,0
1,87,58,51,4,30,5,0,10,2,7,2,66,1,10,0,7,1,1,1
8,52,99,93,3,76,9,1,11,0,9,1,52,0,8,1,8,1,0,1
9,65,54,62,7,33,5,7,4,4,9,9,89,2,3,1,6,0,0,0
8,79,51,88,4,92,3,1,4,5,1,8,93,8,6,1,4,0,1,1
0,89,95,64,4,81,3,7,7,4,6,4,31,6,5,0,2,1,1,0
9,51,74,28,6,39,8,5,7,1,8,7,99,1,8,0,10,1,1,1
2,66,98,68,3,57,8,1,7,5,10,3,44,0,3,1,8,0,1,0
7,90,30,52,6,35,4,1,6,4,9,3,50,1,1,0,1,1,1,1
5,61,73,37,6,56,3,4,6,7,4,4,36,2,9,1,9,0,1,0
4,84,68,28,5,41,6,1,3,6,2,2,58,5,10,0,8,1,1,1
4,92,83,81,7,91,8,3,8,7,9,10,53,8,9,0,3,1,0,1
5,50,58,76,4,81,6,3,5,1,9,4,17,7,3,1,10,0,1,1
6,94,83,48,3,77,8,3,4,6,8,10,0,9,2,0,4,0,1,1
0,64,45,97,7,96,6,0,9,3,3,3,20,8,4,1,10,1,1,1
8,75,49,44,7,75,7,5,5,0,5,8,27,7,8,0,4,0,0,1
2,86,75,34,3,44,6,5,5,7,2,2,15,6,6,1,2,1,0,0
3,70,96,25,7,65,9,2,9,2,3,9,47,5,10,0,10,1,1,1
9,98,94,61,5,43,3,4,2,6,1,3,27,7,1,1,5,0,1,1
0,80,87,48,7,32,8,3,10,2,4,4,21,5,8,0,3,1,1,0
12,74,82,98,5,96,3,3,8,2,5,10,82,1,5,0,1,1,0,1
10,72,30,23,4,48,9,1,3,3,2,10,0,8,6,1,2,0,1,1
9,73,95,76,4,83,9,3,7,0,3,3,94,8,5,0,7,1,0,1
2,87,58,68,6,98,6,1,9,4,6,3,41,2,10,1,1,1,0,0
1,77,99,63,5,39,5,1,6,6,6,8,97,8,5,0,2,1,1,1
1,70,37,99,4,62,5,2,7,4,7,8,69,1,3,1,10,1,0,1
13,92,58,94,7,42,9,0,11,7,9,6,91,2,4,1,7,0,1,1
0,67,80,33,3,80,5,1,9,0,4,4,2,5,5,1,1,1,0,0
7,85,62,22,3,61,8,1,7,5,5,1,94,3,2,1,7,1,0,1
2,84,32,81,5,53,4,5,10,0,2,4,79,7,6,1,8,1,0,0
2,94,89,83,6,64,7,2,10,2,6,8,80,0,2,1,2,1,1,1
5,58,64,64,7,99,6,1,10,4,4,6,43,5,4,1,4,0,0,1
12,87,98,77,5,69,4,4,7,0,5,2,26,1,1,1,7,0,0,1
7,79,49,39,3,83,5,0,10,4,7,3,50,5,4,0,1,0,1,1
12,93,68,77,5,73,6,7,4,0,6,7,23,0,7,0,6,1,0,1
8,83,33,76,7,91,4,4,6,1,8,4,19,1,8,0,5,1,0,0
8,81,48,96,4,97,3,3,3,7,6,4,31,8,2,0,6,0,1,1
3,52,74,87,7,62,5,0,9,6,10,5,98,5,3,1,8,0,1,0
13,52,72,97,4,85,4,3,5,2,8,8,12,7,1,1,1,1,1,1
4,77,42,71,4,65,8,5,7,0,4,7,42,6,7,0,3,0,0,0
1,93,42,56,4,83,3,6,7,3,7,9,19,8,4,0,9,1,0,1
10,64,89,27,5,48,5,6,6,0,3,5,1,8,10,1,8,1,0,1
8,90,86,63,3,72,7,6,2,1,1,1,67,3,8,0,4,1,0,1
7,72,81,24,5,41,9,1,8,7,9,4,90,6,5,1,10,1,0,1
2,89,82,88,3,40,5,2,11,3,9,6,59,4,9,0,9,1,1,1
10,60,72,50,7,99,8,4,9,3,6,6,88,6,6,1,7,1,0,1
11,97,71,64,6,41,7,3,2,7,2,9,3,3,10,1,2,1,1,1
12,81,55,28,7,70,7,1,11,0,8,10,95,9,2,0,1,1,0,1
8,85,52,51,5,54,7,6,8,1,10,5,16,0,1,0,1,0,0,0
2,82,72,52,5,32,6,4,5,3,6,5,0,3,1,1,3,0,1,0
8,73,57,86,3,32,6,4,7,6,7,6,32,9,9,0,10,0,0,0
1,88,38,49,5,57,9,5,10,2,1,6,29,2,1,0,2,0,0,1
11,83,49,95,4,52,7,5,6,5,3,3,4,8,3,1,4,1,1,1
9,77,85,48,5,77,9,6,9,2,1,6,11,4,2,0,8,0,1,1
8,86,68,22,3,96,3,3,6,4,10,8,31,3,4,0,5,0,0,1
7,56,80,76,3,71,7,6,3,4,1,6,37,7,1,1,5,1,1,1
8,53,41,49,4,69,4,6,5,1,1,5,16,4,1,1,6,0,0,1
4,86,84,28,3,35,7,1,3,3,4,3,57,2,4,1,5,0,1,1
10,50,40,45,6,49,6,2,8,2,7,1,39,1,4,0,5,0,0,0
10,50,55,21,7,40,6,6,8,2,7,5,95,7,7,1,7,0,1,0
1,96,71,81,5,56,4,3,4,5,5,6,23,1,8,0,6,1,1,0
7,69,56,22,6,50,4,4,8,1,6,6,11,7,8,0,10,0,0,1
11,68,40,65,5,42,5,4,2,6,2,6,94,4,8,0,2,0,1,1
5,78,67,87,6,64,3,7,2,3,5,3,18,7,9,0,1,0,1,1
7,59,72,44,5,76,3,0,10,1,7,4,28,4,1,1,1,0,1,0
10,67,48,70,4,57,3,6,7,0,9,3,84,0,9,0,4,1,0,0
4,77,93,32,3,50,8,7,6,2,6,2,89,1,10,0,2,1,1,0
9,84,35,63,3,47,6,7,7,1,10,8,51,5,8,0,6,0,1,1
1,92,75,54,4,60,3,1,7,1,4,7,91,2,1,1,9,1,1,1
5,96,71,74,6,89,5,0,2,5,3,8,16,7,7,1,10,1,0,1
